,orignal_name,new_name,
1757,  furnishing,furnishing store,FALSE
698,academy,academy,TRUE
1071,acccountant,accountant,FALSE
9,accountant,accountant,TRUE
1404,accountant and commissioner of deeds,accountant and commissioner of deeds,TRUE
33,aeolian piano fortes music books and stationary,aeolian piano fortes music books and stationary,TRUE
1116,agency,agency,TRUE
1649,agency office,agency,FALSE
54,agent,agents,FALSE
1485,agent and accountant ,agents,FALSE
239,agent for the hire of real estate ,agent for the hire of real estate ,TRUE
682,agent life and fire insurance,agent life and fire insurance,TRUE
1423,agent mason,agents,FALSE
1053,agent union life,agent life and fire insurance,FALSE
1195,agents,agents,TRUE
1307,agt,agents,FALSE
287,alderman,alderman,TRUE
993,ale,ale,TRUE
801,ale and porter dealer,ale and porter dealer,TRUE
1432,also,also,TRUE
1373,apothecary,apothecary,TRUE
74,architect,architect,TRUE
877,architect and builder,architect,FALSE
1770,architect mansion house,architect,FALSE
1157,architects,architect,FALSE
1537,artificer and designer in marble,artificer and designer in marble,TRUE
333,artificial,artificial flowers,FALSE
330,artificial flower maker,artificial flowers,FALSE
248,artificial flowers,artificial flowers,TRUE
67,artist,artist r,FALSE
973,artist r,artist r,TRUE
1367,artist tailor,artist r,FALSE
1724,assessor,assist,FALSE
588,assist,assist,TRUE
376,associate editor of the,associate editor of the,TRUE
166,at the cor,at the cor,TRUE
1371,att’y & coun,att y coun,FALSE
231,attorney,attorney at law,FALSE
355,attorney and counsellor,attorney and counsellor,TRUE
1749,attorney and counsellor at law,attorney and counsellor,FALSE
1699,attorney and counsellors ship carpenter,attorney and counsellor,FALSE
1500,attorney at law,attorney at law,TRUE
1682,attorney at law ,attorney at law,FALSE
742,attorney solicitor,attorney at law,FALSE
1587,attorneys and counsellors,attorney and counsellor,FALSE
1501,attorneys at law,attorney at law,FALSE
964,attornies & counsellors,attorney and counsellor,FALSE
1299,attornies and counsellors,attorney and counsellor,FALSE
686,att'y,att y coun,FALSE
1399,att'y & conn,att y coun,FALSE
1468,auction store,auctioneers,FALSE
484,auctioneer,auctioneers,FALSE
1186,auctioneer and general agency office ,auctioneer and real estate broker,FALSE
1673,auctioneer and notary public ,auctioneer and real estate broker,FALSE
1593,auctioneer and real estate broker,auctioneer and real estate broker,TRUE
1023,auctioneer and sales room,auctioneer and real estate broker,FALSE
556,auctioneer c,auctioneers,FALSE
1624,auctioneers,auctioneers,TRUE
1410,author,author,TRUE
725,awning maker,awning maker,TRUE
833,backsmith,blacksmith,FALSE
903,bagging maker,basket maker,FALSE
590,baikeeper,barkeeper,FALSE
93,baker,baker,TRUE
1305,baker and confectioner,baker,FALSE
1704,baker baker,baker,FALSE
889,bakery,baker,FALSE
567,bank note engraver,bank note engraver,TRUE
1162,bank teller,bank note engraver,FALSE
1628,banker,banker,TRUE
314,barber,barber,TRUE
174,barkeeper,barkeeper,TRUE
476,basket and fancy store,ribbon and fancy store,FALSE
788,basket maker,basket maker,TRUE
934,bat trimmer,bat trimmer,TRUE
1110,batcher,batcher,TRUE
991,batter,batter,TRUE
263,beer agent,beer agent,TRUE
919,beer shop,beer shop,TRUE
1278,bell hanger,beer agent,FALSE
1080,berlin worsted store,lace and hosiery store,FALSE
1505,biass founder r,brass founder r,FALSE
1717,billiard saloon,bowling saloon,FALSE
45,binder,binder,TRUE
1513,biscuit baker,biscuit dealer,FALSE
201,biscuit dealer,biscuit dealer,TRUE
1356,blacksm,blacksmith,FALSE
23,blacksmith,blacksmith,TRUE
1396,blacksmith and collector,blacksmith,FALSE
1027,blacksmith and wheelwright ,blacksmith,FALSE
829,blacksmith c,blacksmith,FALSE
1330,blacksmith laborer,blacksmith,FALSE
607,blacksmith r,blacksmith,FALSE
1698,blacksmith turner,blacksmith,FALSE
568,block and pump maker,block and pump maker,TRUE
1158,block and pump maker ,block and pump maker,FALSE
1547,block and pump maker foot of ,block and pump maker,FALSE
1308,block cutter,block cutter,TRUE
360,block maker,blockmaker,FALSE
40,blockmaker,blockmaker,TRUE
1748,blockpump maker,blockpump maker,TRUE
1264,boarding,boarding house,FALSE
337,boarding bouse,boarding house,FALSE
162,boarding house,boarding house,TRUE
1482,boarding house grocer,boarding house,FALSE
908,boardinghouse,boarding house,FALSE
911,boardinghouse 111 jay dersleeve james ,boardinghouse 111 jay dersleeve james ,TRUE
463,boat builder,boat builder,TRUE
1175,boatbuilder,boat builder,FALSE
493,boatman,boatman,TRUE
884,boatswain,boatswain,TRUE
391,boiler maker,boiler maker,TRUE
790,bonnet manufacturer,bonnet manufacturer,TRUE
612,book agent,book store,FALSE
1623,book dealer,bookeeper,FALSE
872,book store,book store,TRUE
173,bookbinder,bookbinder r,FALSE
1581,bookbinder and paper ruler,bookbinder r,FALSE
1227,bookbinder coppersmith,bookbinder r,FALSE
1725,bookbinder physician,bookbinder r,FALSE
1077,bookbinder r,bookbinder r,TRUE
1777,bookccper,bookeeper,FALSE
1086,bookceper,bookeeper,FALSE
1735,bookecper,bookeeper,FALSE
264,bookeeper,bookeeper,TRUE
439,bookeeper mansionhouse h,bookeeper mansionhouse h,TRUE
987,bookeeper shoemaker,bookeeper mansionhouse h,FALSE
81,bookkeeper,bookeeper,FALSE
47,book-keeper,bookeeper,FALSE
992,books stationary,book store,FALSE
420,bookseller,bookeeper,FALSE
339,bookstore,book store,FALSE
664,boot,boot,TRUE
619,boot and shocmaker,boot and shoemaker,FALSE
1521,boot and shoe maker,boot and shoemaker,FALSE
1129,boot and shoe stere,boot and shoemaker,FALSE
233,boot and shoe store,boot and shoemaker,FALSE
655,boot and shoemaker,boot and shoemaker,TRUE
1694,boot and shoemaker ,boot and shoemaker,FALSE
1322,boot and shoemaker boot and shoemaker,boot and shoemaker,FALSE
888,boot crimper,boot maker,FALSE
527,boot fitter,boot fitter,TRUE
268,boot maker,boot maker,TRUE
1455,boot maker c,boot maker,FALSE
1082,boot tree maker,boot maker,FALSE
1117,bootfitter,boot fitter,FALSE
321,bootmaker,boot maker,FALSE
693,bootmaker laborer,bootmaker laborer,TRUE
1289,bootman,boatman,FALSE
1528,boots,boot,FALSE
959,borer,borer,TRUE
873,botanic medecines,botanic medecines,TRUE
1565,botanic physician,botanic medecines,FALSE
1806,botanic store,botanic medecines,FALSE
115,bowling saloon,bowling saloon,TRUE
690,branch hotel,branch hotel,TRUE
1286,branch tavern,branch tavern,TRUE
1739,brant’s medicine manf,patent medicines,FALSE
610,brashmaker,brush maker,FALSE
997,brass finisher,brass finisherr,FALSE
1052,brass finisherr,brass finisherr,TRUE
760,brass fosset maker r,brass founder r,FALSE
1060,brass founder,brass founder r,FALSE
714,brass founder and finisher,brass finisherr,FALSE
1506,brass founder r,brass founder r,TRUE
1051,brass turner,brass turner,TRUE
1481,brassfoundersand finishers,brass finisherr,FALSE
1634,brassmitn,brass turner,FALSE
817,brazier,brazier,TRUE
338,brewer,brewer,TRUE
1100,brewery,brewer,FALSE
627,brick dealer,brick dealer,TRUE
1190,brick yard foot of ,brick yard foot of ,TRUE
336,bricklayer,bricklayer,TRUE
243,britannia,britannia,TRUE
1210,brittania ware manufactory,britannia,FALSE
28,broker,broker,TRUE
426,brooklyn daily aovertiser office,brooklyn daily aovertiser office,TRUE
1459,brothers chemists and pharmaceutists,horse shoer and blacksmith c,FALSE
109,brown stone cutter,stone cutter,FALSE
1189,brush finisher,brush finisher,TRUE
741,brush maker,brush maker,TRUE
1018,brush manufacturer,rule manufacturer,FALSE
1540,brushes,brush finisher,FALSE
191,brushmaker,brush maker,FALSE
16,builder,builder ,FALSE
1259,builder ,builder ,TRUE
1705,builder and real estate agent,builder house agent and collector,FALSE
1782,builder grocer,builder ,FALSE
531,builder house agent and collector,builder house agent and collector,TRUE
41,builders,builder ,FALSE
1791,builders bookeeper,builder ,FALSE
1721,butchcr,butcher,FALSE
8,butcher,butcher,TRUE
267,butcher and beer shop,butcher and beer shop,TRUE
868,butcher r,butcher,FALSE
772,buteher,butcher,FALSE
1089,butter cheese and milk dealcr,butter dealer,FALSE
901,butter dealer,butter dealer,TRUE
896,button coverer,buttonmaker,FALSE
383,buttonmaker,buttonmaker,TRUE
425,c,c,TRUE
895,c arpenter,carpenter,FALSE
459,cab driver,cab driver,TRUE
1065,cabinct maker,cabinet maker,FALSE
1686,cabinet,cabinet maker,FALSE
431,cabinet and upholstery warehouse,cabinet and upholstery warehouse,TRUE
762,cabinet furniture,cabinet maker,FALSE
92,cabinet maker,cabinet maker,TRUE
1123,cabinet maker r,cabinet maker,FALSE
1174,cabinet makerand carver,cabinet maker,FALSE
1524,cabinet makers and upholsterers,cabinet and upholstery warehouse,FALSE
1474,cabinet ware room,cabinet warehouse,FALSE
1460,cabinet warehouse,cabinet warehouse,FALSE
1024,cabinet wareroom,cabinet wareroom,TRUE
1476,cabinet wurehouse,cabinet warehouse,FALSE
938,cabinetmaker,cabinet maker,FALSE
548,cabman,carman,FALSE
189,cage maker,cage maker,FALSE
371,calico printer,calico printer,TRUE
1375,camphene dealcr,camphene dealer,FALSE
1275,camphene dealer,camphene dealer,TRUE
393,candlemaker,candlemaker,FALSE
712,candy store,tea store,FALSE
1372,cap cutter,cap cutter,TRUE
307,cap hat and fur store,cap hat and fur store,TRUE
168,cap maker,cap maker,TRUE
1064,cap manufacturer,cap manufacturer,TRUE
218,cap mfr c,cap mfr c,TRUE
208,cap store,tea store,FALSE
405,capenter,carpenter,FALSE
12,capmaker,cap maker,FALSE
955,caps,caps,TRUE
629,captain,captain,TRUE
1147,captain u s,captain,FALSE
757,card printer,calico printer,FALSE
97,carman,carman,TRUE
1669,carman physician,caps,FALSE
55,carman r,carman,FALSE
1596,carpentcr,carpenter,FALSE
2,carpenter,carpenter,TRUE
377,car'penter,carpenter,FALSE
436,carpenter and builder,carpenter lied,FALSE
1495,carpenter c,carpenter,FALSE
1708,carpenter carpenter,carpenter carpenter,TRUE
1353,carpenter contractor,carpenter carpenter,FALSE
785,carpenter foot of,carpenter foot of,TRUE
827,carpenter grocer,carpenter carpenter,FALSE
1246,carpenter lied,carpenter lied,TRUE
834,carpenter merchant,carpenter carpenter,FALSE
381,carpenter printer,carpenter carpenter,FALSE
1781,carpenter private watchman,carpenter carpenter,FALSE
990,carpenter r,carpenter,FALSE
1366,carpenterr,carpenter,FALSE
611,carpenters,carpenter,FALSE
1344,carpet and oil cloths,carver and gilder,FALSE
939,carpet cleaner,carpenter lied,FALSE
1608,carpet manufacturer,paper manufacturer,FALSE
1614,carpet store,carpenter foot of,FALSE
68,carpet weaver,carpenter lied,FALSE
1491,carpeuter,carpenter,FALSE
242,carriage,carriage trimmer,FALSE
536,carriage driver,carriage trimmer,FALSE
1422,carriage maker,carriage trimmer,FALSE
1026,carriage trimmer,carriage trimmer,TRUE
1141,cartinan,captain,FALSE
1576,cartinan r,captain,FALSE
235,cartman,carman,FALSE
1303,cartman r,carman,FALSE
1359,caruenter,carpenter,FALSE
245,carver,cab driver,FALSE
916,carver and gilder,carver and gilder,TRUE
1419,case,cashier,FALSE
434,cash and blind maker,sash and blind maker ,FALSE
1068,cashier,cashier,TRUE
768,cashier of the,cashier,FALSE
514,caulker,chandler,FALSE
1309,cferk,clcrk,FALSE
856,chair maker,segar maker,FALSE
813,chalk manuf,chalk manuf,TRUE
373,chandler,chandler,TRUE
392,charcoal dealer,charcoal dealer,TRUE
1331,charcoal dealer r,charcoal dealer,FALSE
353,charts,charts,TRUE
1573,chaser,cashier,FALSE
544,chemical color maker,chemical oil,FALSE
1400,chemical oil,chemical oil,TRUE
1558,chemical works,chemical oil,FALSE
132,chemist,chemist and apothecary,FALSE
123,chemist and apothecary,chemist and apothecary,TRUE
701,chemist and apothecary junction of ,chemist and apothecary,FALSE
1564,chemist and druggist,chemist and apothecary,FALSE
326,chemist and practical apothecary,chemist and apothecary,FALSE
1336,chief engineer,civil engineer,FALSE
1301,china and glass store,china glass,FALSE
1397,china glass,china glass,TRUE
628,china hall,china glass,FALSE
841,china store,cigar store,FALSE
1726,chocolate,schoolmaster,FALSE
917,chronometer maker,chronometers,FALSE
343,chronometers,chronometers,TRUE
1685,cieik,cleik,FALSE
1010,cigar dealer,rag dealer,FALSE
571,cigar maker,segar maker,FALSE
574,cigar store,cigar store,TRUE
205,cigarmaker,segar maker,FALSE
814,city accountant,city accountant,TRUE
727,city collector,city collector,TRUE
1208,city gauger,city collector,FALSE
947,city judge court room,city judge court room,TRUE
311,city marshall,city marshall,TRUE
1479,city saloon,city accountant,FALSE
414,city surveyor,city surveyor and engineer ,FALSE
252,city surveyor and engineer ,city surveyor and engineer ,TRUE
479,city weigher,city weigher,TRUE
562,city weigher h ,city weigher,FALSE
1417,city weigher office,city weigher,FALSE
25,civil engineer,civil engineer,TRUE
1420,clark’s buildings,clark s buildings,FALSE
95,clcrk,clcrk,TRUE
1352,cleik,cleik,TRUE
61,clerk,clerk,TRUE
1774,clerk and collector,clerk bank,FALSE
636,clerk bank,clerk bank,TRUE
995,clerk bank of commerce,clerk bank,FALSE
1337,clerk c,clerk,FALSE
105,clerk common council,clerk common council,TRUE
831,clerk gardener,clerk bank,FALSE
1178,clerk music teacher,clerk,FALSE
1104,clerk navy yard,clerk navy yard,TRUE
1793,clerk navy yard h ,clerk navy yard,FALSE
451,clerk navy yd,clerk navy yard,FALSE
786,clerk of markets,clerk bank,FALSE
976,clerk of street commissioner office ,clerk of street commissioner office ,TRUE
1313,clerk post office,clerk of street commissioner office ,FALSE
1753,clerk stereotyper,clerk,FALSE
1454,clerk u s,clerk,FALSE
710,clock and dial painter,clock and frame manufacturer,FALSE
1428,clock and frame manufacturer,clock and frame manufacturer,TRUE
1262,clock case maker,clock maker,FALSE
1597,clock dealer,clock maker,FALSE
462,clock maker,clock maker,TRUE
1569,clock manufacturer,clock and frame manufacturer,FALSE
327,clock store,clock maker,FALSE
715,clockmaker,clock maker,FALSE
1538,clocks,clock maker,FALSE
789,cloth,clothes,FALSE
1233,cloth merchant,clothier,FALSE
915,cloth printer,clothier,FALSE
1751,clothes,clothes,TRUE
1193,clothes dealer,clothes,FALSE
1663,clothes scourer,clothes,FALSE
195,clothier,clothier,TRUE
416,clothing store,clothier,FALSE
1439,cloths,clothes,FALSE
647,clove road,clove road,TRUE
1078,coach builder,coach painter,FALSE
304,coach factory,coachmaker,FALSE
487,coach painter,coach painter,TRUE
552,coach smith,coach smith,TRUE
198,coachmaker,coachmaker,TRUE
1744,coachmakers,coachmaker,FALSE
256,coachman,coachmaker,FALSE
1446,coachsmith,coach smith,FALSE
988,coal,coal yard,FALSE
1670,coal agent,coal yard,FALSE
1183,coal and wood dealer,coal and wood dealer,TRUE
713,coal dcaler,coal yard,FALSE
89,coal dealer,coal yard,FALSE
1137,coal dealers,coal yard,FALSE
209,coal yard,coal yard,TRUE
210,coal yard h lushing c ,coal yard h lushing c ,TRUE
1661,coal yd,coal yard,FALSE
658,coalyard,coal yard,FALSE
566,coat scourer,coat scourer,TRUE
1258,coffee,coffee,TRUE
1716,coffee and spice mills,coffee,FALSE
1014,coffee mill maker,coffee,FALSE
870,coffee mill manufacturer,coffee,FALSE
322,coffee roaster,coffee,FALSE
1752,coffee stand,coffee,FALSE
689,collector,collector of,FALSE
1551,collector of,collector of,TRUE
1516,collector of wharfage,collector of,FALSE
498,com,c,FALSE
1796,com mcr,com mer,FALSE
516,com mer,com mer,TRUE
1539,com mer iam p,com mer,FALSE
793,com merchant,com mer,FALSE
921,com mor,com mer,FALSE
1778,comb and fancy store,ribbon and fancy store,FALSE
923,comb maker,com mer,FALSE
258,commander,com mer,FALSE
1627,commission mer,commission mer,TRUE
56,commission merchant,commission mer,FALSE
1197,commission merchant c,commission mer,FALSE
880,commissioner of,commission mer,FALSE
1058,commissioner of deeds,commission mer,FALSE
1664,commissioner ot deeds for this and the several states ,commissioner ot deeds for this and the several states ,TRUE
1072,complicated doctor r,complicated doctor r,TRUE
265,composition roofer,composition roofer,TRUE
266,composition roofers,composition roofer,FALSE
600,compositor,composition roofer,FALSE
288,comptroller,composition roofer,FALSE
1742,conductor,conductor,TRUE
979,confectionary,confectionery,FALSE
197,confectionary and fruit,confectionery,FALSE
1621,confectionary store,confectionery,FALSE
366,confectioner,confectionery,FALSE
1755,confectioner r,confectionery,FALSE
1426,confectioners,confectionery,FALSE
1728,confectionery,confectionery,TRUE
1478,constabla,constable,FALSE
86,constable,constable,TRUE
1552,consul,constable,FALSE
142,contractor,contractor of millitary equipments,FALSE
748,contractor of millitary equipments,contractor of millitary equipments,TRUE
65,cook,cook,TRUE
862,cook r,cook,FALSE
52,cooper,cooper,TRUE
960,cooper and city guager ,cooper,FALSE
603,cooper and winc dresser,cooper,FALSE
433,cooperage,cooper,FALSE
461,copper,coppersmith r,FALSE
1119,copper platc printer,copper plate printer,FALSE
1261,copper plate printer,copper plate printer,TRUE
1031,copper store c,coppersmith r,FALSE
950,copperplate printer,copper plate printer,FALSE
282,coppersmith,coppersmith r,FALSE
280,coppersmith and brass founder,coppersmith r bookeeper,FALSE
985,coppersmith master cooper,coppersmith r bookeeper,FALSE
490,coppersmith r,coppersmith r,TRUE
1028,coppersmith r bookeeper,coppersmith r bookeeper,TRUE
641,copyist,copyist,TRUE
642,copyist and clerk,copyist,FALSE
1326,cord and tassel maker,coal and wood dealer,FALSE
1829,cordial distiller,cordial distiller,TRUE
1412,cork cutter,cap cutter,FALSE
1239,corn dealer,corn mer,FALSE
1374,corn mer,corn mer,TRUE
156,coroner office,coroner office,TRUE
963,corporation attorney,contractor of millitary equipments,FALSE
172,corset maker,corset maker,TRUE
1760,corset store,corset maker,FALSE
44,cot maker,cap maker,FALSE
1272,cotton broker,cotton sampler,FALSE
694,cotton sampler,cotton sampler,TRUE
1376,counscllor at law,counsellor at law,FALSE
577,counsellor,counsellor at law,FALSE
532,counsellor and attorney,counsellor and attorney and office,FALSE
1105,counsellor and attorney and office,counsellor and attorney and office,TRUE
946,counsellor and commissioner of deeds,counsellor and attorney and office,FALSE
743,counsellor at law,counsellor at law,TRUE
1554,counsellor at law office,counsellor at law,FALSE
1633,county clerk office,county clerk office,TRUE
1618,coxswain,boatswain,FALSE
1643,cracker baker,cracker dealer,FALSE
1510,cracker baker r,cracker dealer,FALSE
724,cracker dealer,cracker dealer,TRUE
648,crescent shades,crescent shades,TRUE
1211,crimp,crimp,TRUE
1236,crockery and glass store,crockery store,FALSE
525,crockery dealer,cracker dealer,FALSE
1090,crockery merchant,crockery store,FALSE
621,crockery store,crockery store,TRUE
1703,crockery store grocer,crockery store,FALSE
497,cupper and leecher,cupper and leecher,TRUE
438,cupper leecher and hairdresser,cupper leecher and hairdresser,TRUE
968,cupping and leeching,cupper and leecher,FALSE
281,currier,currier,TRUE
1815,currier and tanner,currier,FALSE
1384,currier r,currier,FALSE
775,custom bouse,custom house,FALSE
1803,custom clerk,county clerk office,FALSE
1091,custom h,custom house,FALSE
422,custom house,custom house,TRUE
1085,custom house broker,custom house,FALSE
555,custom house inspector,custom house,FALSE
341,custom house officer,custom house,FALSE
1232,customhouse,custom house,FALSE
402,cutler,cutter,FALSE
194,cutter,cutter,TRUE
1032,cylender piano maker,dressing case maker,FALSE
1180,daguereotypist,daguerreotypist,FALSE
29,daguerreotyper,daguerreotypist,FALSE
112,daguerreotypist,daguerreotypist,TRUE
683,daguerrian,daguerreotypist,FALSE
1613,dairyman,quarry man,FALSE
1520,dancing master,awning maker,FALSE
910,dealer in moulding sand,dealer in watches and musical instruments,FALSE
1780,dealer in watches,dealer in watches and musical instruments,FALSE
1192,dealer in watches and musical instruments,dealer in watches and musical instruments,TRUE
1811,dental surgeon,eating saloon,FALSE
404,dentist,tinsmith,FALSE
473,deputy keeper of the penitentiary,deputy keeper of the penitentiary,TRUE
1381,deputy sheriff,deputy sheriff,TRUE
400,dining and oyster saloon,dining and oyster saloon,TRUE
671,dining saloon,finding store,FALSE
124,distiller,distiller,TRUE
1813,distillers,distiller,FALSE
1589,distillery,distiller,FALSE
794,district attorney,district attorney,TRUE
638,dock builder,boat builder,FALSE
1039,dock carman,dock carman,TRUE
1768,dockbuilder,boat builder,FALSE
650,draftsman,waterman,FALSE
584,draper,draper and tailor,FALSE
155,draper and tailor,draper and tailor,TRUE
1047,draperand tailor,draper and tailor,FALSE
818,drapers and tailors,draper and tailor,FALSE
837,dress maker,dressmaker,FALSE
1073,dressing case maker,dressing case maker,TRUE
153,dressmaker,dressmaker,TRUE
1244,dressmaker and milliner,dressmaker,FALSE
723,dressmrker,dressmaker,FALSE
909,drover,cab driver,FALSE
1646,drug broker,drug broker,TRUE
101,druggist,druggist,TRUE
325,druggist and,druggist,FALSE
1345,druggist and chemist,druggist,FALSE
50,druggist labeller,druggist,FALSE
1561,druggists,druggist,FALSE
329,drugs,druggist,FALSE
1792,dry good merchant,dry goods mer,FALSE
1453,dry good merchant ,dry goods mer,FALSE
951,dry good store,dry goods mer,FALSE
396,dry goods,dry goods mer,FALSE
1543,dry goods c,dry goods mer,FALSE
699,dry goods dealer,dry goods mer,FALSE
1042,dry goods mer,dry goods mer,TRUE
1196,dry goods merchant,dry goods mer,FALSE
26,dry goods store,dry goods mer,FALSE
891,drygoods,dry goods mer,FALSE
1293,drygoods store,dry goods mer,FALSE
637,dyer,dyer,TRUE
1321,dyer and scourer,dyer,FALSE
1206,earpenter,carpenter,FALSE
510,eating house,eating saloon,FALSE
930,eating saloon,eating saloon,TRUE
226,editor,editor,TRUE
117,editor and lawyer,editor,FALSE
1599,editor and proprietor of the office,editor and reporter furrier,FALSE
844,editor and reporter furrier,editor and reporter furrier,TRUE
661,editor military,editor,FALSE
1409,ehair maker,segar maker,FALSE
1434,elerk,teller,FALSE
1486,embroidery and lace store,brooklyn daily aovertiser office,FALSE
108,engineer,engineer r,FALSE
542,engineer and draftsman,engineer r,FALSE
1067,engineer and grocery,engineer r,FALSE
1025,engineer empire mills,engineer empire mills,TRUE
944,engineer merchant,engineer r,FALSE
170,engineer r,engineer r,TRUE
131,engraver,engraver r,FALSE
508,engraver and printer,engraver r,FALSE
1697,engraver c,engraver r,FALSE
978,engraver r,engraver r,TRUE
1312,ettgineer,stationer,FALSE
620,exchange,exchange,TRUE
183,exchange broker,exchange,FALSE
250,exchange office,exchange,FALSE
1098,express,expressman,FALSE
1736,express agent,expressman,FALSE
625,expressman,expressman,TRUE
864,factory,pipe factory,FALSE
1609,fancy brush maker,fancy brush maker,TRUE
1490,fancy case maker,fancy brush maker,FALSE
1715,fancy dry goods,fancy goods,FALSE
547,fancy goods,fancy goods,TRUE
1271,fancy hardware,fancy brush maker,FALSE
1342,fancy printer,fancy trimming store,FALSE
346,fancy store,tea store,FALSE
692,fancy trimming store,fancy trimming store,TRUE
271,farmer,farmer,TRUE
270,farmer city marshal,farmer,FALSE
1799,farmer old,farmer old turnpike rd n ,FALSE
890,farmer old turnpike rd n ,farmer old turnpike rd n ,TRUE
1816,farmers’ retreat junc of,farmers retreat junc of,FALSE
1347,farrier,furrier,FALSE
1626,fatmer,farmer,FALSE
1612,feather brush factory store,feather brush maker,FALSE
1113,feather brush maker,feather brush maker,TRUE
1611,feather brushmaker,feather brush maker,FALSE
1169,feed dealer,ice dealer,FALSE
958,feed stoic,feed store,FALSE
234,feed store,feed store,TRUE
1498,ferry,ferryman,FALSE
1696,ferry man,ferryman,FALSE
199,ferry master,ferry master,TRUE
160,ferryman,ferryman,TRUE
389,ferrymaster,ferry master,FALSE
855,fiddler,fiddler,TRUE
672,finding store,finding store,TRUE
1557,findings,finding store,FALSE
1361,finisher,finisher of railings,FALSE
1274,finisher of railings,finisher of railings,TRUE
920,fire & life ins,fire life ins,FALSE
826,fire eng builder,fire engine builder,FALSE
825,fire engine builder,fire engine builder,TRUE
286,fireman,fireman,TRUE
1559,firework manfacturer,fireman,FALSE
665,fish dealer,fish vender,FALSE
1588,fish market,fisherman,FALSE
832,fish vender,fish vender,TRUE
278,fisherman,fisherman,TRUE
580,fishermans eottage,fisherman,FALSE
758,fishermans hall,fisherman,FALSE
670,fishing tackle manufacturer,fishing tackle manufacturer,TRUE
464,fishmonger,fish vender,FALSE
111,flagger,gauger,FALSE
783,flagger r,gauger,FALSE
437,flax dresser,hairdresser,FALSE
283,florist,florist,TRUE
875,flour,flour mer,FALSE
599,flour and feed store,flour mer,FALSE
313,flour feed,flour mer,FALSE
1632,flour mer,flour mer,TRUE
361,flour merchant,flour mer,FALSE
429,foot of,foot of,TRUE
212,for ladies and gentlemen,for ladies and gentlemen,TRUE
1143,foreign letter office,foreign letter office,TRUE
1765,foreign music store,foreign letter office,FALSE
1166,foreman oil factory,ivory black factory,FALSE
1044,forwarding,forwarding agent,FALSE
1484,forwarding agent,forwarding agent,TRUE
585,forwarding merchant,forwarding agent,FALSE
1652,foundry,foundry,TRUE
229,frame maker,wire maker,FALSE
551,framer,farmer,FALSE
1377,fresco painter,port painter,FALSE
549,fringe,fringe maker,FALSE
1575,fringe maker,fringe maker,TRUE
550,fringe manufacturer,goldpen manufacturer,FALSE
738,fruit,fruit,TRUE
1639,fruit and cigar store,fruit and cigar store,TRUE
1000,fruit and confectionary,fruit and cigar store,FALSE
1296,fruit and vegetables,fruit and cigar store,FALSE
207,fruit dealer,fur dealer,FALSE
126,fruit merchant,fruit,FALSE
824,fruit store,fruit,FALSE
677,fruiterer,fruit,FALSE
1504,funier,fiddler,FALSE
865,fur dealer,fur dealer,TRUE
761,fur dresser,fur dresser,TRUE
592,fur factory,fur store,FALSE
305,fur skin dresser,fur dresser,FALSE
306,fur store,fur store,TRUE
537,furman n,furman n,TRUE
1037,furnace manuf,furman n,FALSE
269,furnishing store,furnishing store,TRUE
143,furnishing undertaker,furnishing store,FALSE
1764,furniture and upholstery ware room,furniture and upholstery wareroom,FALSE
838,furniture and upholstery wareroom,furniture and upholstery wareroom,TRUE
1295,furniture dealer,fur dealer,FALSE
190,furniture store,geuts furnishing store,FALSE
7,furrier,furrier,TRUE
616,furrier r,furrier,FALSE
1779,furs,fur dresser,FALSE
1471,gardencr,gardener,FALSE
144,gardener,gardener,TRUE
519,gardener and florist,gardener and florist,TRUE
1130,gardener c,gardener,FALSE
1225,gardener musician r,gardener and florist,FALSE
1126,gardener r,gardener,FALSE
357,gardiner,gardener,FALSE
1472,gas and lamps,hats and caps,FALSE
1160,gas dealer,rag dealer,FALSE
1727,gas filter,gas fixtures amps,FALSE
424,gas fitter,gas fixtures amps,FALSE
443,gas fitter locksmith and bell hanger,associate editor of the,FALSE
511,gas fixtures ]amps,gas fixtures amps,FALSE
513,gasfixtures lamps,gas fixtures amps,FALSE
410,gauger,gauger,TRUE
1461,gcrdener,gardener,FALSE
1731,general engraver,general insurance agent,FALSE
502,general furnishing undertaker,general insurance agent,FALSE
1651,general insurance agent,general insurance agent,TRUE
940,gent’s,agents,FALSE
1553,gentlemen’s,gentlemen s,FALSE
1061,gents furnishing store,geuts furnishing store,FALSE
1620,geuts furnishing store,geuts furnishing store,TRUE
733,gilder,gilder,TRUE
853,gilder laborer,gilder,FALSE
134,glass blower,glass blower,TRUE
1235,glass blower r,glass blower,FALSE
58,glass cutter,glass blower,FALSE
989,glass dealer,rag dealer,FALSE
1405,glass finisher,glass blower,FALSE
1398,glass founder,glass blower,FALSE
1346,glass maker,glass blower,FALSE
1171,glass packer,glass blower,FALSE
1644,glass painter,glass blower,FALSE
352,glass stainer,glass blower,FALSE
1112,glassblower,glass blower,FALSE
202,glazier,glazier,TRUE
1216,gold and silver refiner,gold and silver refiner,TRUE
364,gold case maker,gold pen maker,FALSE
176,gold pen maker,gold pen maker,TRUE
1713,gold pen maker ,gold pen maker,FALSE
1566,gold pen manufacturer,goldpen manufacturer,FALSE
452,gold pen manufacturers,goldpen manufacturer,FALSE
1127,gold refiner,gold pen maker,FALSE
1442,goldbeater,gold pen maker,FALSE
175,goldpen manufacturer,goldpen manufacturer,TRUE
897,goldsmith,goldsmith,TRUE
1653,goldsmith r,goldsmith,FALSE
639,grain broker,grain broker,TRUE
1007,grain measurer,grain broker,FALSE
1387,grainer and artistical painter,nortrait and historical painter,FALSE
1693,grammar school,riding school,FALSE
1690,granite cutter,granite cutter,TRUE
805,granite cutter n,granite cutter,FALSE
1040,granite stonecutter,granite cutter,FALSE
228,granite yard,granite cutter,FALSE
633,grate and fender maker,grate dealer,FALSE
1456,grate dealer,grate dealer,TRUE
1457,grate fender,grate dealer,FALSE
618,grate maker,grate dealer,FALSE
1641,greenwood chemical works office,groom,FALSE
237,groccr,grocer,FALSE
1776,groccr carpenter,grocer carpenter,FALSE
624,groccry and variety store coachman,groccry and variety store coachman,TRUE
51,grocer,grocer,TRUE
1676,grocer .377 pearl nyh 267 washington 360 e p ,grocer 377 pearl nyh 267 washington 360 e p ,FALSE
1349,grocer and,grocer and,TRUE
1161,grocer and crockery store,grocery and feed store,FALSE
697,grocer and feed store,grocery and feed store,FALSE
386,grocer and shoemaker,grocer and,FALSE
419,grocer c,grocer,FALSE
1794,grocer c confectioner,grocer carpenter,FALSE
1198,grocer carpenter,grocer carpenter,TRUE
1348,grocer laborer,grocer and,FALSE
1734,grocer seaman,grocer and,FALSE
63,grocers,grocer,FALSE
1532,grocers grocer,grocer and,FALSE
1523,grocersand liquor dealers,grocery and feed store,FALSE
545,grocery,grocer,FALSE
395,grocery and feed store,grocery and feed store,TRUE
151,grocery and feed store ,grocery and feed store,FALSE
1240,grocery and liquor store,grocery and feed store,FALSE
1389,grocery and liquors,grocery and feed store,FALSE
1267,grocery store,grocer and,FALSE
1016,grocor,grocer,FALSE
69,groeer,grocer,FALSE
1443,groom,groom,TRUE
1825,guager,gauger,FALSE
1395,guilder,gilder,FALSE
1658,gun,gunner,FALSE
605,gun and locksmith,gun and locksmith,TRUE
1689,gun carriage maker,pill and paper box maker,FALSE
1173,gun maker,gunner,FALSE
342,gunner,gunner,TRUE
746,gunsmith,gunsmith,TRUE
1122,gunsmith and tavern ,gunsmith,FALSE
39,h,h,TRUE
399,hackman,hackman,TRUE
645,hackman r,hackman,FALSE
1648,hair cutting saloon,hair dressing saloon,FALSE
34,hair dresser,hairdresser,FALSE
1324,hair dressing saloon,hair dressing saloon,TRUE
1184,hairdresser,hairdresser,TRUE
409,hardware,hardware mer,FALSE
798,hardware and cutlery,hardware mer,FALSE
84,hardware dealer,hardware mer,FALSE
578,hardware mer,hardware mer,TRUE
223,hardware merchant,hardware mer,FALSE
501,hardware store,hardware mer,FALSE
1015,harness and trunk maker,harness maker,FALSE
695,harness covering,harness covering,TRUE
447,harness maker,harness maker,TRUE
488,harness maker junction,harness maker,FALSE
1441,harp maker,segar maker,FALSE
1070,hat and cap store,hats and caps,FALSE
1636,hat block maker,hat block maker,TRUE
994,hat blockmaker,hat block maker,FALSE
1076,hat body maker,hat block maker,FALSE
1414,hat cap and trunk store,cap hat and fur store,FALSE
1185,hat finisher,hat finisher,TRUE
1650,hat manufacturer,cap manufacturer,FALSE
1019,hat presser,hat presser,TRUE
678,hat store,tea store,FALSE
1172,hats,charts,FALSE
1462,hats and caps,hats and caps,TRUE
165,hatter,at the cor,FALSE
1668,hay press and storage,hat presser,FALSE
587,hdwr,h,FALSE
290,hermitage hotel,hermitage hotel,TRUE
773,hoarding house,boarding house,FALSE
1292,horse dealer,shoe dealer,FALSE
739,horse shoer and blacksmith c,horse shoer and blacksmith c,TRUE
931,horticulturist,horticulturist,TRUE
1260,hose maker,shoe maker,FALSE
540,hosiery store,shoe store,FALSE
75,hostler,hostler,TRUE
1578,hotel,hostler,FALSE
1709,hotel and garden,for ladies and gentlemen,FALSE
1583,house agent,house agent,TRUE
1822,house agent and collector,house agent,FALSE
136,house agents,house agent,FALSE
216,house and sign painter,house and sign painter,TRUE
1769,house carpenter,house agent,FALSE
1662,house cleaner,house agent,FALSE
310,house framer,house mover,FALSE
879,house furnishing store,house and sign painter,FALSE
295,house mover,house mover,TRUE
345,house smith,house mover,FALSE
732,huxster,cutter,FALSE
225,huxter,cutter,FALSE
1009,ice cream,wine merchant,FALSE
1783,ice dealar,ice dealer,FALSE
956,ice dealer,ice dealer,TRUE
85,ice merchant,wine merchant,FALSE
1282,imp,engineer empire mills,FALSE
37,importer,importer of watches,FALSE
362,importer of segars wines fruits hr,importer of watches,FALSE
708,importer of watches,importer of watches,TRUE
1421,india rubber,india rubber,TRUE
1683,india rubber dealer,india rubber,FALSE
303,ink manufactory,ink manufactory,TRUE
1101,ink manufacturer,ink manufactory,FALSE
1430,ins,ins co,FALSE
730,ins agt,ins co,FALSE
317,ins co,ins co,TRUE
79,inspector,inspector of timber,FALSE
1475,inspector of cement,inspector of timber,FALSE
1115,inspector of customs,inspector of timber,FALSE
1730,inspector of customs and collector,inspector of timber,FALSE
1449,inspector of lumber,inspector of timber,FALSE
1188,inspector of pot and ,inspector of timber,FALSE
1556,inspector of timber,inspector of timber,TRUE
1762,inspector of timber and lumber c ,inspector of timber,FALSE
1640,insurance,insurance agent,FALSE
71,insurance agent,insurance agent,TRUE
1416,insurance agent and bookeeper,insurance agent,FALSE
285,insurance broker,insurance agent,FALSE
1525,intelligence office,western insurance office,FALSE
1550,inventor of machines,inventor of machines,TRUE
1285,ioborer r,ivory turner,FALSE
1511,iron mer,corn mer,FALSE
1671,iron merchant,oil merchant,FALSE
867,iron moulder,corn mer,FALSE
80,iron railing,iron railing manufactory,FALSE
530,iron railing maker,iron railing manufactory,FALSE
1619,iron railing manufactory,iron railing manufactory,TRUE
1562,iron railing manufacturer,iron railing manufactory,FALSE
1469,iron shutter maker,irvin thomas furrier,FALSE
967,iron store,iron store,TRUE
1084,irvin  thomas furrier,irvin thomas furrier,FALSE
1268,iurniture store,geuts furnishing store,FALSE
22,ivory black factory,ivory black factory,TRUE
158,ivory turner,ivory turner,TRUE
804,james,james,TRUE
1339,janitor,janitor,TRUE
983,japan ner,japanner,FALSE
1230,japanner,japanner,TRUE
1424,japanner of patont leather,japanner,FALSE
981,japanuer,japanner,FALSE
1182,jappanner,japanner,FALSE
301,jersey pilot,jersey pilot,TRUE
291,jeweller,jewellery,FALSE
1568,jewellery,jewellery,TRUE
745,jewelry,jewellery,FALSE
720,jewelry stand,jewellery,FALSE
184,jobber,joiner,FALSE
186,joiner,joiner,TRUE
679,joiner r,joiner,FALSE
957,jr,jersey pilot,FALSE
892,jr porter house,jr porter house,TRUE
517,junk dealer,milk dealer,FALSE
385,junk shop,junk shop,TRUE
1766,junk shop junk dealer,junk shop,FALSE
403,junk store,junk store,TRUE
784,junkman,junkman r,FALSE
1355,junkman grocer,junkman r,FALSE
1579,junkman r,junkman r,TRUE
1357,junkstore,junk store,FALSE
1808,justice of the peace,justice supreme court,FALSE
1298,justice supreme court,justice supreme court,TRUE
579,keeper,keeper city park,FALSE
1448,keeper city arrnery,keeper city park,FALSE
535,keeper city park,keeper city park,TRUE
35,keeper of the penitentiary,keeper city park,FALSE
1139,kennedy catherine,kennedy catherine,TRUE
1332,laberer r,laborer,FALSE
1134,laboier,laborer,FALSE
388,laborcr,laborer,FALSE
522,labordr,laborer,FALSE
6,laborer,laborer,TRUE
1741,laborer bootmaker,laborerer r,FALSE
744,laborer c,laborer,FALSE
453,laborer carpenter,laborerer r,FALSE
1329,laborer contractor,laborerer r,FALSE
1354,laborer cooper,laborerer r,FALSE
1767,laborer engraver,laborerer r,FALSE
663,laborer foot of,laboror clove road,FALSE
1150,laborer hackman,laborer marketman,FALSE
810,laborer house smith,laborer r shoe store,FALSE
759,laborer laborer,laborerer r,FALSE
1035,laborer marketman,laborer marketman,TRUE
1383,laborer mason,laborer marketman,FALSE
406,laborer mate,laborerer r,FALSE
1316,laborer painter,laborerer r,FALSE
31,laborer r,laborer,FALSE
1358,laborer r junk store,laborer r shoe store,FALSE
1163,laborer r shoe store,laborer r shoe store,TRUE
1228,laborer shoemaker,laborerer r,FALSE
774,laborer stone cutter,laborer r shoe store,FALSE
1314,laborer tailor,laborerer r,FALSE
681,laborer umbrella manf,laborer marketman,FALSE
1108,laborerer r,laborerer r,TRUE
1746,laborers,laborer,FALSE
458,laboror clove road,laboror clove road,TRUE
138,lace and hosiery store,lace and hosiery store,TRUE
1577,lace store,tea store,FALSE
474,ladies boot binder,ladies boot binder,TRUE
740,lamp and oil store,lamp dealer,FALSE
835,lamp dealer,lamp dealer,TRUE
1281,lamp manufacturer,cap manufacturer,FALSE
177,lamp store,tea store,FALSE
767,lamplighter,map publisher,FALSE
1177,land agent,landscape painter,FALSE
262,land and insurance agent,land and insurance agent,TRUE
1369,land broker,tea broker,FALSE
905,landscape painter,landscape painter,TRUE
1463,last maker barber,last maker barber,TRUE
750,law books,law books,TRUE
500,lawer,lawyer,FALSE
20,lawyer,lawyer,TRUE
749,lawyer and notary public,lawyer and notary public,TRUE
1154,lawyer and police justice,lawyer and notary public,FALSE
1393,lawyer office,lawyer,FALSE
1045,lawyer r,lawyer,FALSE
340,lead pipe manufacturer,lead pipe manufacturer,TRUE
935,leader,leather,FALSE
1276,leather,leather,TRUE
700,leather and findings,leather,FALSE
215,leather dealer,leather,FALSE
606,leather dresser,leather,FALSE
1512,leather findings,leather,FALSE
440,leather merchant,leather,FALSE
644,lemon syrup manufacturer,rule manufacturer,FALSE
359,letter carrier,letter carrier,TRUE
914,lieut,lieutenant,FALSE
472,lieutcntant,lieutenant,FALSE
407,lieutenant,lieutenant,TRUE
1245,lieutenant of revenue,lieutenant,FALSE
1209,lieutenant us,lieutenant,FALSE
766,lightcrman,lighterman,FALSE
293,lighterman,lighterman,TRUE
558,lighterman r,lighterman,FALSE
1041,lightermans,lighterman,FALSE
1011,lime,lime,TRUE
900,lime and cement dealer,lime,FALSE
1622,lime dealer,lime dealer foot of,FALSE
260,lime dealer foot of,lime dealer foot of,TRUE
1706,lime dealers foot of,lime dealer foot of,FALSE
1723,lime merchant,lime,FALSE
643,liquor dealer,liquor store,FALSE
1775,liquor merchant,oil merchant,FALSE
561,liquor store,liquor store,TRUE
1202,liquor store carpenter,liquor store,FALSE
1005,liquors,liquor store,FALSE
874,lithogiaphist,lithographer,FALSE
469,lithographer,lithographer,TRUE
1680,lithographic printer,lithographer,FALSE
107,livery,livery stable,FALSE
319,livery stable,livery stable,TRUE
795,livery stable keeper,livery stable,FALSE
1219,livery stables carriage mart &c,livery stable,FALSE
1743,lnarlcetman,travelling merchant,FALSE
674,lock manufacturer,cap manufacturer,FALSE
200,locksmith,blacksmith,FALSE
1148,looking glass and picture frame maker ,looking glass and picture frame maker ,TRUE
1473,looking glasssilverer,looking glass and picture frame maker ,FALSE
1291,lumber dealer,lumber dealers,FALSE
164,lumber dealer and measurer,lumber dealers,FALSE
1544,lumber dealers,lumber dealers,TRUE
962,lumber inspector,lumber merchant,FALSE
597,lumber merchant,lumber merchant,TRUE
980,lumber merchant h ,lumber merchant,FALSE
613,lumber yard,lumber yard,TRUE
1637,lumber yard foot of ,lumber yard,FALSE
541,lumber yd,lumber yard,FALSE
659,luther school,select school,FALSE
149,machinist,machinist r,FALSE
1386,machinist and engineer,machinist r,FALSE
1081,machinist bootmaker,machinist r,FALSE
482,machinist manufacturer of steam engines sugar mills saw & grist mills boilers,machinist manufacturer of steam engines sugar mills saw grist mills boilers,FALSE
1341,machinist r,machinist r,TRUE
289,maf,ink manufactory,FALSE
796,mahogany dealer,mahogany dealer,TRUE
797,mahogany dealers,mahogany dealer,FALSE
1290,mail carrier,mail carrier,TRUE
543,major,man rs,FALSE
1231,malady james laborer,malady james laborer,TRUE
154,man’rs,man rs,FALSE
1099,manfr needles,manufr and dealer in hosiery ,FALSE
696,manuf,manufacturing jeweller,FALSE
324,manufacturer,manufacturer of,FALSE
1125,manufacturer of,manufacturer of,TRUE
1534,manufacturer of furnaces,manufacturer of,FALSE
1095,manufacturer of soluble chocolate cocoa &c,manufacturer of,FALSE
591,manufacturing jeweller,manufacturing jeweller,TRUE
539,manufr and dealer in hosiery ,manufr and dealer in hosiery ,TRUE
632,map publisher,map publisher,TRUE
806,marble and granite cutter,marble paper manufacturer,FALSE
204,marble cutter,marble works,FALSE
656,marble paper manufacturer,marble paper manufacturer,TRUE
167,marble polisher,marble works,FALSE
4,marble sawyer,marble works,FALSE
1247,marble worker,marble works,FALSE
977,marble works,marble works,TRUE
1440,marble yard,marble works,FALSE
1242,marine artist,mariner,FALSE
1665,marine surveyor,mariner,FALSE
412,mariner,mariner,TRUE
780,markctman,marketman,FALSE
72,market,marketman,FALSE
653,marketinan,marketman,FALSE
119,marketman,marketman,TRUE
465,marketman c,marketman,FALSE
676,marketmau,marketman,FALSE
1270,marketrnan,marketman,FALSE
1603,marshall,city marshall,FALSE
1,mason,mason,TRUE
94,mason and oyster saloon ,mason and oyster saloon ,TRUE
1502,mason baker,mason,FALSE
1207,mason dealer in paints drugs,mason and oyster saloon ,FALSE
1722,mason mason,mason,FALSE
982,mason r,mason,FALSE
1252,masons,mason,FALSE
1517,masters mate u s,mate,FALSE
1254,mat maker,meat smoker,FALSE
572,mate,mate,TRUE
1048,mathematical inst maker,mathematical instrument maker,FALSE
374,mathematical instrument maker,mathematical instrument maker,TRUE
1319,mathematical instrument maker ship joiner,mathematical instrument maker,FALSE
1159,mathematical school,mathematical instrument maker,FALSE
1415,mcr,mer,FALSE
640,mcrchant,mei chant,FALSE
845,md,lamp dealer,FALSE
575,measurer of grain,measurer of grain,TRUE
1787,measurer of grain office,measurer of grain,FALSE
1654,measurer of grain r,measurer of grain,FALSE
726,meat smoker,meat smoker,TRUE
881,mechanic,mechanical dentist,FALSE
1004,mechanical dentist,mechanical dentist,TRUE
756,mechanics institute,mechanical dentist,FALSE
1017,medical agency and confectionery,medical agency and confectionery,TRUE
1737,medicine,medicine,TRUE
1277,medicine agency,medicine,FALSE
1738,medicine manufacturers hair dresser,medicine,FALSE
114,mei chant,mei chant,TRUE
121,mer,mer,TRUE
770,mercantile agency,merchant,FALSE
3,merchant,merchant,TRUE
1334,merchant contractor,merchant,FALSE
1790,merchant dry goods,metal roofers,FALSE
945,merchant marketman,merchant,FALSE
776,merchant mer,merchant,FALSE
76,merchant tailor,merchant,FALSE
1402,merchant tailors,merchant,FALSE
104,mercht,merchant,FALSE
1365,messenger,messenger of residence,FALSE
1059,messenger of residence,messenger of residence,TRUE
1585,metal roofers,metal roofers,TRUE
1087,mikman,milkman,FALSE
747,military equipment manufacturer,military equipment manufacturer,TRUE
24,milk and butter store,milk and butter store,TRUE
446,milk dealer,milk dealer,TRUE
859,milk depot,milk depot,TRUE
1695,milk office,milk depot,FALSE
5,milkman,milkman,TRUE
1610,milkman junc,milkman,FALSE
1327,milkman r,milkman,FALSE
1133,miller,milliner and dress maker,FALSE
137,miller r,milliner and dress maker,FALSE
332,millinary,millinery,FALSE
152,milliner,millinery,FALSE
925,milliner and dress maker,milliner and dress maker,TRUE
430,milliner and fancy store,millinery,FALSE
1660,milliner and hat presser ,milliner and dress maker,FALSE
1823,milliners,millinery,FALSE
1427,millinery,millinery,TRUE
1013,millinery and dressmaking,milliner and dress maker,FALSE
217,millinery and fancy store,millinery,FALSE
518,millinery store,millinery,FALSE
849,millwright,millwright and machinist,FALSE
308,millwright and machinist,millwright and machinist,TRUE
1248,miner,twine,FALSE
1057,miniature painter,military equipment manufacturer,FALSE
529,morocco,morocco dresser,FALSE
241,morocco dresser,morocco dresser,TRUE
486,morocco dresser n,morocco dresser,FALSE
565,morocco dressers,morocco dresser,FALSE
1318,morocco dyer,morocco dresser,FALSE
1107,morocco factory foot of ,morocco factory foot of ,TRUE
719,morocco finisher,morocco dresser,FALSE
1083,morocco manf,morocco dresser,FALSE
1638,morocco shaver,morocco dresser,FALSE
192,morrocco case mfr,morocco dresser,FALSE
30,moulder,moulder,TRUE
1563,moulding,moulder,FALSE
846,music,music,TRUE
1580,music and book store,music store,FALSE
1046,music and piano forte ware room,music printer,FALSE
594,music printer,music printer,TRUE
18,music printer and engraver,music printer,FALSE
769,music store,music store,TRUE
1509,music teacher,music,FALSE
634,musical instrument maker,music,FALSE
251,musician,music,FALSE
1718,mustard,mustard manf,FALSE
668,mustard and chocolate factory ,mustard manf,FALSE
667,mustard manf,mustard manf,TRUE
1217,mutual benefit life insurance,mutual benefit life insurance,TRUE
675,nail factory c,nailor,FALSE
1425,nail manuf,nail manuf,TRUE
1170,nail manufacturer,nail manuf,FALSE
1317,nailer,nailmaker,FALSE
1220,nailmaker,nailmaker,TRUE
1385,nailor,nailor,TRUE
1343,nailor r,nailor,FALSE
999,naval constructor,naval constructor printer,FALSE
996,naval constructor printer,naval constructor printer,TRUE
1496,naval store yard,nailor,FALSE
489,navy yard watch,navy yard watch,TRUE
380,navy yard watch ,navy yard watch,FALSE
1616,navy yard watchman,navy yard watch,FALSE
581,newsman,newsman,TRUE
764,newspaper depot,newspaper depot,TRUE
1155,night scavenger,night scavenger,TRUE
1531,night scavenger c,night scavenger,FALSE
1379,night scavenger old,night scavenger,FALSE
569,nortrait and historical painter,nortrait and historical painter,TRUE
1445,notary public,notary public,TRUE
60,nurse,nurse,TRUE
1431,nurseryman,nurse,FALSE
866,occulist and aurist,occulist and aurist,TRUE
273,office,office,TRUE
1008,oil and candle manufacturer,oil and candle manufacturer,TRUE
1590,oil and candle manufacturers,oil and candle manufacturer,FALSE
1788,oil and gass dealer,oil and candle manufacturer,FALSE
316,oil cloth maker,oil cloth painter,FALSE
1805,oil cloth manufactory,oil cloth painter,FALSE
809,oil cloth manufacturer,oil manufacturer,FALSE
1002,oil cloth manufacturer ,oil manufacturer,FALSE
623,oil cloth painter,oil cloth painter,TRUE
1221,oil cloth printer,oil cloth painter,FALSE
387,oil cloth printer ,oil cloth painter,FALSE
1030,oil dealer,milk dealer,FALSE
850,oil factory,pipe factory,FALSE
1265,oil lamp and camphene store,oil lamp and camphene store,TRUE
1205,oil manufactory,oil manufacturer,FALSE
83,oil manufacturer,oil manufacturer,TRUE
604,oil manufacturers,oil manufacturer,FALSE
602,oil manufr,oil manufacturer,FALSE
220,oil merchant,oil merchant,TRUE
1642,oil soap and candle factory,oil lamp and camphene store,FALSE
854,oil store carriage driver,oil store carriage driver,TRUE
1001,oilcloth manufacturer,oil manufacturer,FALSE
907,oilman,oil manufacturer,FALSE
1255,old,moulder,FALSE
257,optician,optician,TRUE
858,optician and jeweller,optician,FALSE
427,oqjce,office,FALSE
520,organ builder,boat builder,FALSE
1499,organist church of the ,organist church of the ,TRUE
1340,ornamental painter,ornamental painter,TRUE
1629,overseer,overseer of the poor,FALSE
1508,overseer of the poor,overseer of the poor,TRUE
1074,oyster and dining saloon ,dining and oyster saloon,FALSE
717,oyster dealer,oyster saloon,FALSE
702,oyster house,oyster saloon,FALSE
302,oyster saloon,oyster saloon,TRUE
1720,oyster saloon c,oyster saloon,FALSE
1218,oysterman,oyster saloon,FALSE
526,package express,packer,FALSE
292,packer,packer,TRUE
1647,packing box maker,hat block maker,FALSE
626,paint,painter,FALSE
1306,paint and oil store,paint and oil store,TRUE
299,paint factory,painter,FALSE
259,paint mill,planing mills,FALSE
662,paint store,tea store,FALSE
96,painter,painter,TRUE
1111,painter and glazier,painter carpenter,FALSE
1063,painter and paper hanger,painter carpenter,FALSE
411,painter c,painter,FALSE
1711,painter carpenter,painter carpenter,TRUE
444,painter constable,painter,FALSE
368,painter gilder and glazier,painter carpenter,FALSE
372,painter r,painter,FALSE
1785,painter stair caser,painter carpenter,FALSE
1049,painters,painter,FALSE
1451,paints,painter,FALSE
1408,paints and oils,paint and oil store,FALSE
847,paper,paper mer,FALSE
1124,paper agent,paper mer,FALSE
807,paper banger grocer,paper hanging store,FALSE
1055,paper box maker,paper mer,FALSE
1200,paper box manufacturer,paper manufacturer,FALSE
709,paper carrier,paper hanging store,FALSE
782,paper dealer,paper mer,FALSE
1251,paper hanging store,paper hanging store,TRUE
1677,paper hangings,paper hanging store,FALSE
1380,paper maker,paper mer,FALSE
657,paper manufacturer,paper manufacturer,TRUE
1679,paper mer,paper mer,TRUE
206,paper merchant,paper mer,FALSE
1645,paper stainer,paper mer,FALSE
1789,paper stainer and grainer ,paper hanging store,FALSE
1401,paper warehouse,pattern warehouse,FALSE
1800,parisian shoe store,provision dealers,FALSE
130,pastor,pastor of,FALSE
943,pastor congregational,pastor of,FALSE
799,pastor of,pastor of,TRUE
491,pastor of the,pastor of,FALSE
706,patent medicines,patent medicines,TRUE
821,patrick laborer,patrick laborer,TRUE
1605,patter maker,pattern maker,FALSE
646,pattern maker,pattern maker,TRUE
1411,pattern maker blacksmith,pattern maker,FALSE
394,pattern warehouse,pattern warehouse,TRUE
363,paver,paver,TRUE
1006,paver r,paver,FALSE
878,pavor,paver,FALSE
1719,pay master,pay master,TRUE
1493,pearlash,pearlash,TRUE
238,pedlar,pedlar,TRUE
408,pedler,pedlar,FALSE
227,pencil case maker,pencil case maker,TRUE
751,pencil case maker r,pencil case maker,FALSE
1362,pencil case manufr,pencil case maker,FALSE
169,pencil maker,pencil case maker,FALSE
1818,pencil pen manufacturers,pencil case maker,FALSE
1106,perfumery store,ferry master,FALSE
276,periodical store,iron store,FALSE
1435,phcenix glass works,phcenix glass works,TRUE
113,physician,physician,TRUE
157,physician and surgeon,physician,FALSE
122,physician and surgeon ,physician,FALSE
1279,physician c,physician,FALSE
1394,physician junc,physician,FALSE
918,physician officc,physician,FALSE
722,physician shoemaker,physician,FALSE
887,physicians,physician,FALSE
279,physicians end surgeons,physician,FALSE
1602,physiciau and druggist,phystciau,FALSE
1570,physicran,physician,FALSE
323,phystciau,phystciau,TRUE
475,piano forte maker,pianoforte maker,FALSE
649,pianoforte and music store,pianoforte maker,FALSE
752,pianoforte maker,pianoforte maker,TRUE
1012,pianoforte tuner,pianoforte maker,FALSE
1820,piate printer,port painter,FALSE
1149,picture framc and looking glass store,picture frame maker,FALSE
949,picture frame maker,picture frame maker,TRUE
1187,pie baker,pipe maker,FALSE
893,pill and paper box maker,pill and paper box maker,TRUE
816,pill box manufacturer,cap manufacturer,FALSE
145,pilot,pilot,TRUE
1483,pilot merchant,oil merchant,FALSE
1297,pilot south ferry,pilot south ferry,TRUE
1687,pipe factory,pipe factory,TRUE
684,pipe maker,pipe maker,TRUE
1758,pipe maker rail rd,pipe maker,FALSE
1688,pipe manufacturers,cap manufacturer,FALSE
1530,pipemaker,pipe maker,FALSE
1406,planemaker,cabinet maker,FALSE
1097,planing mill,planing mills,FALSE
680,planing mills,planing mills,TRUE
100,plasterer,plasterer,TRUE
1323,plasterer and painter,plasterer,FALSE
1821,plate &,plasterer,FALSE
481,plumber,lumber merchant,FALSE
1674,pocket book manufacturer,spirit of soap manufacturer,FALSE
1582,police justice,police officer,FALSE
586,police marshal,police marshal,TRUE
1667,police marshall,police marshal,FALSE
1022,police officer,police officer,TRUE
1548,polisher,police marshal,FALSE
135,pork dealer,pork dealer,TRUE
1212,pork dealers,pork dealer,FALSE
1121,pork store,porterhouse,FALSE
589,port painter,port painter,TRUE
840,port warden,pork dealer,FALSE
59,porter,porter r,FALSE
711,porter dealer,porter r,FALSE
19,porter house,porterhouse,FALSE
1145,porter morocco dresser,porter r,FALSE
460,porter r,porter r,TRUE
1635,porter south ferry ,pilot south ferry,FALSE
471,porterhouse,porterhouse,TRUE
691,portrait painter,portrait painter,TRUE
876,portrait painter carpenter,portrait painter,FALSE
1617,post office,post office,TRUE
882,post office paper carrier,post office,FALSE
1555,postmaster,potter,FALSE
598,postoffice,post office,FALSE
1229,pot maker,cap maker,FALSE
495,potter,potter,TRUE
1413,poulterer,poulterer,TRUE
1167,poultry and vegetable dealer,ale and porter dealer,FALSE
860,poultry dealer,poulterer,FALSE
1798,pound master,pay master,FALSE
1436,practical upholsterer,patrick laborer,FALSE
503,preacher,pedlar,FALSE
1535,prepared chalk manufacturers,lead pipe manufacturer,FALSE
729,pres,pres,TRUE
354,president,president,TRUE
483,presses pumps and gearing for working mines &c &c,presses pumps and gearing for working mines c c,FALSE
966,prest,pres,FALSE
428,principal,principal,TRUE
129,principal of,principal,FALSE
1692,principal of grammar school,principal of grammar school,TRUE
614,principal public,principal,FALSE
1607,principal public school,principal,FALSE
1784,principal school,principal,FALSE
15,printer,printer,TRUE
1812,printer fi,printer,FALSE
763,printer r,printer,FALSE
1203,private watch,private watchman,FALSE
533,private watchman,private watchman,TRUE
822,produce broker,produce mer,FALSE
180,produce dealer,produce mer,FALSE
1594,produce mer,produce mer,TRUE
1273,prof of,prof of dancing,FALSE
1223,prof of dancing,prof of dancing,TRUE
1069,professor of chemistry,professor of music,FALSE
1283,professor of drawing,professor of music,FALSE
1507,professor of languages,professor of music,FALSE
812,professor of music,professor of music,TRUE
1809,professor of music agent,professor of music,FALSE
564,proiesor of music,proiesor of music,TRUE
70,proprietor,proprietor,TRUE
1529,proprietor of the original,proprietor,FALSE
139,proprietors,proprietor,FALSE
652,provision dealer,provision dealers,FALSE
654,provision dealers,provision dealers,TRUE
358,provision store,provision dealers,FALSE
147,publisher,publisher of,FALSE
863,publisher of,publisher of,TRUE
1710,publisher of the,publisher of,FALSE
150,pump and block maker,block and pump maker,FALSE
673,pump maker,pump maker,TRUE
906,punch cutter,cap cutter,FALSE
467,purser,nurse,FALSE
754,quarry man,quarry man,TRUE
534,r,pres,FALSE
179,rag dealer,rag dealer,TRUE
842,railroad,railroad contractor,FALSE
792,railroad contractor,railroad contractor,TRUE
203,ranges,pres,FALSE
899,real estate agent,real estate agent,TRUE
820,real estate and insurance agent,real estate agent,FALSE
370,real estate broker,real estate agent,FALSE
1237,rectifier,rectifiers and distillers,FALSE
125,rectifiers and distillers,rectifiers and distillers,TRUE
1391,rectifying distiller,rectifiers and distillers,FALSE
375,rector,rector,TRUE
582,rector of,rector,FALSE
515,refectory,rector,FALSE
163,reporter,reporter,TRUE
1338,republic hotel,republic hotel,TRUE
1600,residence,president,FALSE
771,restaurant,storage merchant,FALSE
1572,revenue officer,coroner office,FALSE
1351,ribbon and fancy store,ribbon and fancy store,TRUE
735,ribbon store,iron store,FALSE
284,riding dress maker,surgical instrument maker,FALSE
687,riding school,riding school,TRUE
261,rigger,gauger,FALSE
1604,rnuffni maker,pump maker,FALSE
1574,roofer,roofer,TRUE
506,roofers,roofer,FALSE
718,root beer,root beer,TRUE
1470,root beer maker,root beer,FALSE
1092,ropcmaker,ropemaker,FALSE
213,rope maker,ropemaker,FALSE
830,rope w akcr,ropemaker,FALSE
246,ropemaker,ropemaker,TRUE
1804,ropemaker grocer,ropemaker grocer,TRUE
82,rug manufacturer,rule manufacturer,FALSE
255,rule manufacturer,rule manufacturer,TRUE
219,saddle and harness maker,saddler and harness maker,FALSE
1390,saddle harness and trunk maker,saddler and harness maker,FALSE
1560,saddle tree maker,saddler and harness maker,FALSE
1165,saddle tree maker r,saddler and harness maker,FALSE
140,saddler,saddler,TRUE
499,saddler &c,saddler,FALSE
924,saddler and harness maker,saddler and harness maker,TRUE
1287,sadler and harness maker,saddler and harness maker,FALSE
1250,safe agent,safe agent,TRUE
617,sail maker,sail maker,TRUE
348,sailing master,sail maker,FALSE
27,sailmaker,sail maker,FALSE
457,salaratus manufacturers,sale and railing manufacturers,FALSE
869,sale and railing manufacturers,sale and railing manufacturers,TRUE
64,salesman,salesman,TRUE
505,saloon,saloon,TRUE
1249,saloon and ten pin alley ,saloon,FALSE
398,sampler custom house,sampler custom house,TRUE
1657,sarlmaker,sail maker,FALSE
1256,sarsaparilla dealer,sarsaparilla dealer,TRUE
731,sash & blind maker,sash maker,FALSE
10,sash and blind maker,sash and blind maker ,FALSE
272,sash and blind maker ,sash and blind maker ,TRUE
848,sash and blind makers ,sash and blind maker ,FALSE
294,sash maker,sash maker,TRUE
11,sashmaker,sash maker,FALSE
1515,satchels,watches c,FALSE
815,sauce manuf,chalk manuf,FALSE
953,sausage maker,sealing wax maker,FALSE
685,saw filer,saw filer,TRUE
1514,saw filer hosicr,saw filer,FALSE
1489,saw maker,sail maker,FALSE
99,saw manufacturer and tavern,sale and railing manufacturers,FALSE
1541,sawmaker,sail maker,FALSE
182,sawyer,lawyer,FALSE
828,sawyer r,lawyer,FALSE
781,scale beam maker,scale beam maker,TRUE
494,schoemaker,shoe maker,FALSE
300,school,schoolmaster,FALSE
902,school r,schoolmaster,FALSE
496,school teacher,schoolmaster,FALSE
1328,schoolmaster,schoolmaster,TRUE
975,scourer,coat scourer,FALSE
1701,scrivener,scrivenor,FALSE
309,scrivenor,scrivenor,TRUE
441,sculptor,slice storc,FALSE
480,sea captain,sea captain,TRUE
952,sealer,saddler,FALSE
734,sealing wax maker,sealing wax maker,TRUE
13,seaman,seaman r,FALSE
1795,seaman grocer,seaman r,FALSE
432,seaman merchant,seaman r,FALSE
1494,seaman old,seaman r,FALSE
528,seaman r,seaman r,TRUE
660,seamanr,seaman r,FALSE
1043,seamstress,seamstress,TRUE
1598,sec,secty,FALSE
1194,second hand clothing,second hand furniture store,FALSE
778,second hand furniture store,second hand furniture store,TRUE
1315,second ward house,second hand furniture store,FALSE
1241,secretary,secty,FALSE
1756,secty,secty,TRUE
1522,see,steel,FALSE
236,segar maker,segar maker,TRUE
1659,segar maker r,segar maker,FALSE
328,segar store,segar store,TRUE
1797,segarmaker,segar maker,FALSE
1140,segars,segar store,FALSE
378,select school,select school,TRUE
1114,seminary,seminary,TRUE
1191,sempstress,seamstress,FALSE
1392,sen,seminary,FALSE
48,sergeant u,sergeant u,TRUE
1533,servant,sergeant u,FALSE
417,sext,sexton,FALSE
275,sexton,sexton,TRUE
1740,sexton of,sexton,FALSE
46,shade maker,shade maker,TRUE
1215,shade painter,shade maker,FALSE
926,sheet iron worker,shoerr aker r,FALSE
1033,sheriff,sheriff,TRUE
87,shingle shaver,shade maker,FALSE
716,ship,shipsmith,FALSE
1492,ship broker,ship joiner,FALSE
504,ship builder,ship builder,TRUE
1761,ship caipenter,shipping mer,FALSE
43,ship carpenter,ship carpenter,TRUE
1094,ship carpenter r,ship carpenter,FALSE
1168,ship carver,ship carpenter,FALSE
666,ship chandler,ship chandler,TRUE
1827,ship ear,ship chandler,FALSE
1132,ship fastner,ship carpenter,FALSE
468,ship house and ornamental carver,ship house and ornamental carver,TRUE
14,ship joiner,ship joiner,TRUE
839,ship joiner cooper,ship joiner,FALSE
53,ship master,ship carpenter,FALSE
1181,ship master grocer,ship carpenter,FALSE
972,ship news collector,ship news collector,TRUE
448,ship painter,shipping mer,FALSE
669,ship sawyer,ship chandler,FALSE
1433,ship smith,shipsmith,FALSE
351,ship yard,ship chandler,FALSE
507,ship yard and marine railway ,sash and blind maker ,FALSE
1294,shipbuilders,ship builder,FALSE
885,shipcarpenter,ship carpenter,FALSE
1545,shipchandler,ship chandler,FALSE
630,shipjoiner,ship joiner,FALSE
181,shipmaster,ship carpenter,FALSE
1253,shipping agent,shipping mer,FALSE
1828,shipping mer,shipping mer,TRUE
442,shipping merchant,shipping mer,FALSE
1224,shipping office c,shipping office c,TRUE
244,shipsmith,shipsmith,TRUE
423,shipwright,shipsmith,FALSE
1819,shipwrights,shipsmith,FALSE
1378,shirt depot,shirt depot,TRUE
622,shoc store,shoe store,FALSE
148,shoe dealer,shoe dealer,TRUE
1118,shoe dealer c,shoe dealer,FALSE
913,shoe finder,shoe dealer,FALSE
1363,shoe maker,shoe maker,TRUE
1584,shoe manufacturer,cap manufacturer,FALSE
1678,shoe mer,shoe maker,FALSE
42,shoe store,shoe store,TRUE
1226,shoe store and undertaker,shoemaker brass founder,FALSE
1527,shoedealer,shoe dealer,FALSE
0,shoemaker,shoe maker,FALSE
1656,shoemaker and keeper of ,shoemaker brass founder,FALSE
1066,shoemaker blacksmith,shoemaker tailor,FALSE
808,shoemaker brass founder,shoemaker brass founder,TRUE
1817,shoemaker grocer,ropemaker grocer,FALSE
965,shoemaker laborer,shoemaker tailor,FALSE
791,shoemaker merchant,shoemaker tailor,FALSE
787,shoemaker r,shoe maker,FALSE
1360,shoemaker tailor,shoemaker tailor,TRUE
159,shoemakor,shoe maker,FALSE
595,shoerr aker r,shoerr aker r,TRUE
871,shovel maker,shoe maker,FALSE
1050,sign,sign,TRUE
1707,sign and ornamental painter,sign,FALSE
66,sign painter,sign,FALSE
1824,silver chaser,silver smith,FALSE
1518,silver plater,silver smith,FALSE
1088,silver plater and bell hanger,ale and porter dealer,FALSE
538,silver smith,silver smith,TRUE
1810,silver thimble maker,silver smith,FALSE
88,silversmith,silver smith,FALSE
553,slater,saddler,FALSE
1164,slice storc,slice storc,TRUE
1733,slice store,slice storc,FALSE
1526,smoke house,stone polisher,FALSE
1772,soap and candle factory,straw and tuscan hat factory ,FALSE
836,soap boiler,soap chandler,FALSE
1487,soap chandler,soap chandler,TRUE
211,soap maker,cap maker,FALSE
1038,soapmaker,cap maker,FALSE
1199,soda manufacturer,cap manufacturer,FALSE
707,soda water,soap chandler,FALSE
1503,solar lamp maker,scale beam maker,FALSE
755,solicitor,slice storc,FALSE
1144,south,southern shades,FALSE
802,southern shades,southern shades,TRUE
224,spar maker,segar maker,FALSE
171,speculator,slice storc,FALSE
851,sperm,spice mills,FALSE
1263,spice dealer,ice dealer,FALSE
98,spice mills,spice mills,TRUE
253,spile driver,poulterer,FALSE
737,spirit of soap manufacturer,spirit of soap manufacturer,TRUE
110,stage driver,stage driver,TRUE
593,stage proprietor,stage driver,FALSE
857,stair builder,stair builder,TRUE
1691,stair builder r,stair builder,FALSE
470,stair case maker,staircaser,FALSE
765,stair caser,staircaser,FALSE
1712,staircaser,staircaser,TRUE
312,staircaser r,staircaser,FALSE
1467,star house,star office,FALSE
1214,star office,star office,TRUE
1465,starch manufacturer,paper manufacturer,FALSE
141,stationer,stationer,TRUE
1675,stave yard,stone yard,FALSE
583,steam boat inspector,steamboat agent,FALSE
349,steam planing mills,planing mills,FALSE
1213,steamboat agent,steamboat agent,TRUE
298,steamboat captain,steamboat agent,FALSE
1325,steamboat hotel,steamboat agent,FALSE
521,steel,steel,TRUE
193,stereotyper,stereotyper,TRUE
161,stevedore,stevedore r,FALSE
1079,stevedore office,stevedore r,FALSE
1497,stevedore r,stevedore r,TRUE
1109,stevedore rill,stevedore r,FALSE
335,steward,steward,TRUE
232,steward city hospital,steward,FALSE
1549,steward r,steward,FALSE
57,stock broker,stone breaker,FALSE
1438,stocking manufacturer,goldpen manufacturer,FALSE
1288,stone breaker,stone breaker,TRUE
1075,stone carver,stone breaker,FALSE
1542,stone cutler,stone cutter,FALSE
62,stone cutter,stone cutter,TRUE
1136,stone cutter laborer,stone breaker,FALSE
596,stone cutter r,stone cutter,FALSE
445,stone mason,stoue mason,FALSE
961,stone polisher,stone polisher,TRUE
78,stone yard,stone yard,TRUE
73,stonecutter,stone cutter,FALSE
1480,stonecutter f,stone cutter,FALSE
116,storage,storage of,FALSE
1672,storage and city weigher,storage and city weigher,TRUE
1750,storage and lighterage,storage and city weigher,FALSE
1103,storage foot of,storage of,FALSE
563,storage merchant,storage merchant,TRUE
222,storage of,storage of,TRUE
883,store keeper,store keeper,TRUE
1333,stoue mason,stoue mason,TRUE
128,stove,stove,TRUE
753,stove and tin store,stoue mason,FALSE
146,stove dealer,stove,FALSE
1519,stove deaver,stove,FALSE
1759,stove manufactory,stoue mason,FALSE
127,stoves,stove,FALSE
455,straw and millinery goods,straw and millinery goods,TRUE
1029,straw and tuscan hat factory ,straw and tuscan hat factory ,TRUE
1702,straw bonnet manufactory,straw hat manufacturer,FALSE
651,straw bonnet manufacturer,straw hat manufacturer,FALSE
1458,straw dealer,straw dealer,TRUE
413,straw goods,straw goods,TRUE
1266,straw goods and millinary,straw goods,FALSE
1280,straw hat cleaner,straw hat manufacturer,FALSE
331,straw hat manufacturer,straw hat manufacturer,TRUE
1234,straw hat merchant,straw hat manufacturer,FALSE
1591,straw hat presser,straw dealer,FALSE
1595,strawgoods mer,straw goods,FALSE
334,strawhat manufactory,straw hat manufacturer,FALSE
1176,street inspector,stereotyper,FALSE
1681,student at law,tea,FALSE
296,superint of,superintendent of poor,FALSE
492,superintendant of gas works,superintendent of poor,FALSE
1054,superintendant public schools cigar store,superintendent of poor,FALSE
178,superintendent,superintendent of poor,FALSE
1477,superintendent of poor,superintendent of poor,TRUE
418,surgeon,surgeon dentist,FALSE
415,surgeon dentist,surgeon dentist,TRUE
21,surgical instrument maker,surgical instrument maker,TRUE
401,surveyor,scrivenor,FALSE
1138,suttler,cutter,FALSE
1444,syringe manuf,fringe maker,FALSE
17,tailor,tailor,TRUE
1466,tailor foot of,brick yard foot of ,FALSE
811,tailor grocer,tailor,FALSE
1142,tailor r,tailor,FALSE
320,tailoress,tailor,FALSE
1320,tallow chandler,watch and clock maker,FALSE
240,tanner,stationer,FALSE
948,tape dresser,tavernkeeper,FALSE
509,tassel maker,meat smoker,FALSE
277,tavern,tavern,TRUE
49,tavern and painter,tavern,FALSE
800,tavern junc,tavern,FALSE
1655,tavern keeper,tavernkeeper,FALSE
1403,tavernkeeper,tavernkeeper,TRUE
38,taxidermist,taxidermist,TRUE
1284,tcacher,watchmaker,FALSE
1606,tea,tea,TRUE
466,tea and coffee store,tea and coffee store,TRUE
559,tea broker,tea broker,TRUE
922,tea coffee spice and sugars,tea coffee spice and sugars,TRUE
631,tea dealer,tea dealer,TRUE
986,tea dealer junc,tea dealer,FALSE
247,tea merchant,storage merchant,FALSE
576,tea store,tea store,TRUE
1729,tea store ship chandler,tea coffee spice and sugars,FALSE
196,teacher,teacher,TRUE
188,teacher & com,teacher,FALSE
779,teacher of drawing,teacher,FALSE
449,teacher of elocution,teacher,FALSE
1128,teacher of languages,teacher,FALSE
803,teacher of music,teacher,FALSE
721,teacher of the,teacher,FALSE
1684,teacher of writing and drawing,teacher of writing and drawing,TRUE
485,teacher r,teacher,FALSE
318,teamster,teamster,TRUE
1146,teamster navy yard,teamster,FALSE
1450,teed store,feed store,FALSE
1310,telegraphic reporter,letter carrier,FALSE
477,teller,teller,TRUE
1131,terry master,ferry master,FALSE
1311,thomas wheelwright,thomas wheelwright,TRUE
969,thread and needle store,thread and needle store,TRUE
1153,thread arid needle store,thread and needle store,FALSE
970,thread maker,meat smoker,FALSE
1003,thread needle and fancy store,thread and needle store,FALSE
1335,tin and copper smith,tin and copper smith,TRUE
1201,tin and coppersmith,tin and copper smith,FALSE
929,tin and lamp manufacturer,goldpen manufacturer,FALSE
1368,tin and metal roofer,tin and stove store,FALSE
852,tin and stove store,tin and stove store,TRUE
819,tin box maker,tinman r,FALSE
1802,tin copper,tin and copper smith,FALSE
554,tin copper and sheet iron worker ,tin and copper smith,FALSE
570,tin plate worker,tin stamper,FALSE
77,tin roofer,roofer,FALSE
187,tin stamper,tin stamper,TRUE
546,tin store,tea store,FALSE
523,tin toy manufacturer r,goldpen manufacturer,FALSE
102,tinman,tinman r,FALSE
1536,tinman r,tinman r,TRUE
1801,tinroofer,roofer,FALSE
118,tinsmith,tinsmith,TRUE
1754,tobacco factory,tobacconist,FALSE
344,tobacconist,tobacconist,TRUE
1152,tobaconist,tobacconist,FALSE
1364,tool maker,cap maker,FALSE
1302,tract agent,safe agent,FALSE
984,travelling agent,travelling merchant,FALSE
1763,travelling merchant,travelling merchant,TRUE
635,trimming and fancy store,ribbon and fancy store,FALSE
230,tripe cuter,type caster,FALSE
382,truckman,trunkmaker,FALSE
560,trunk maker,trunkmaker,FALSE
1156,trunk store,junk store,FALSE
456,trunkmaker,trunkmaker,TRUE
557,turner,turner,TRUE
1586,turners and stair builders,turner,FALSE
1350,turpentine distiller,turpentine distiller,TRUE
942,twine,twine,TRUE
601,type caster,type caster,TRUE
843,type founder,type caster,FALSE
1615,umber,lumber merchant,FALSE
524,umbrella dealer,umbrella maker,FALSE
1257,umbrella frame maker,umbrella maker,FALSE
688,umbrella maker,umbrella maker,TRUE
886,umbrella store,umbrella maker,FALSE
106,undertaker,undertaker and sexton,FALSE
1407,undertaker and cabinet maker,undertaker and sexton,FALSE
1269,undertaker and sexton,undertaker and sexton,TRUE
1714,undertakerand sexton,undertaker and sexton,FALSE
90,union coal yard,union coal yard,TRUE
315,union foundry & machine shop,union foundry machine shop,FALSE
1120,union mutual life ins co,union foundry machine shop,FALSE
974,upholst,upholster,FALSE
1370,upholster,upholster,TRUE
214,upholsterer,upholster,FALSE
274,upholsterer and paper hanger,upholster,FALSE
1452,upholsterers and paper hangers,upholster,FALSE
1488,upholstery and furniture wareroom,furniture and upholstery wareroom,FALSE
1382,us store keeper,store keeper,FALSE
1631,v sx,v sx,TRUE
365,variety baker,variety store,FALSE
1020,variety stoic and bat presser ,variety store,FALSE
397,variety store,variety store,TRUE
954,varnish,varnisher,FALSE
941,varnish manufacturer,paper manufacturer,FALSE
1773,varnisher,varnisher,TRUE
421,varnisher and polisher,varnisher,FALSE
1745,varnisher r,varnisher,FALSE
1036,vegetable dealers,vegetable dealers,TRUE
347,ventriloquist,ventriloquist,TRUE
369,veterinary surgeon,veterinary surgeon,TRUE
1437,veterinary surgeon r,veterinary surgeon,FALSE
1429,victualler,victualling house,FALSE
454,victualling and boarding house,victualling house,FALSE
1625,victualling house,victualling house,TRUE
705,vinegar maker,wire maker,FALSE
356,vinegar manufacturer,paper manufacturer,FALSE
1222,w atchmaker,watchmaker,FALSE
1814,wadding factory,whiting factory,FALSE
32,waiter,waiter,TRUE
928,waiter r,waiter,FALSE
1732,walkerjarres laborer,malady james laborer,FALSE
1034,wall colorer,wall colorer,TRUE
609,watch and clock dealer,watch and clock maker,FALSE
103,watch and clock maker,watch and clock maker,TRUE
350,watch case maker,watch glass mafr,FALSE
36,watch glass mafr,watch glass mafr,TRUE
927,watch glass maker,watch glass mafr,FALSE
971,watch hand maker,watch and clock maker,FALSE
1786,watch jeweller,watchmaker and jeweller,FALSE
133,watch maker,watchmaker,FALSE
1601,watch makers,watchmaker,FALSE
1151,watches &c,watches c,FALSE
185,watchmaker,watchmaker,TRUE
573,watchmaker and jeweller,watchmaker and jeweller,TRUE
1204,watchmaker r,watchmaker,FALSE
390,watchman,waterman,FALSE
435,watchman fulton market ,watch glass mafr,FALSE
450,watchman navy yard,watch glass mafr,FALSE
736,watchman navy yard r,watch glass mafr,FALSE
384,waterman,waterman,TRUE
512,weaver,weaver,TRUE
478,weigh master,weigher,FALSE
254,weigher,weigher,TRUE
1021,weigher and measurer,weigher,FALSE
1666,well digger r,well digger r,TRUE
898,well sinker,well digger r,FALSE
1304,welldigger,well digger r,FALSE
91,western insurance office,western insurance office,TRUE
367,wheelwright,wheelwright r,FALSE
904,wheelwright and blacksmith,wheelwright r,FALSE
1826,wheelwright and blacksmith ,wheelwright r,FALSE
1418,wheelwright and horse shoer,wheelwright r,FALSE
1700,wheelwright boardinghouse,wheelwright r,FALSE
1464,wheelwright liberty c,wheelwright r,FALSE
1567,wheelwright r,wheelwright r,TRUE
1179,white house tavern,white lead works,FALSE
1096,white lead and oil cloth manfacturer,white lead manufacturer,FALSE
932,white lead manufacturer,white lead manufacturer,TRUE
933,white lead works,white lead works,TRUE
1747,white washer,whitewasher,FALSE
1630,whitesmith,whitewasher,FALSE
249,whitewashcr r,whitewasher,FALSE
1093,whitewasher,whitewasher,TRUE
379,whitewasher r,whitewasher,FALSE
221,whiting factory,whiting factory,TRUE
998,wholesale liquor dealer,wholesale liquor dealer,TRUE
1546,wholesale liquor store,wholesale liquor dealer,FALSE
936,wholesale shoe merchant,wholesale liquor dealer,FALSE
1243,w'idow,w idow,FALSE
894,willow ware,willow ware,TRUE
1300,window shade maker,dressing case maker,FALSE
861,wine and liquor dealer,wine and liquor dealer,TRUE
1447,wine and liquor store,wine and liquor dealer,FALSE
1135,wine mer,wine merchant,FALSE
1238,wine merchant,wine merchant,TRUE
1062,wines,twine,FALSE
297,wire maker,wire maker,TRUE
823,with good servants at,with good servants at,TRUE
703,wood dealer,wooden ware,FALSE
120,wood engraver,wooden ware,FALSE
1571,wood inspector,wood type,FALSE
777,wood sawyer,wood type,FALSE
1771,wood type,wood type,TRUE
912,wood willow and toy store,wood willow and toy store,TRUE
608,wood yard,wood yard,TRUE
615,wood yards,wood yard,FALSE
1592,wooden ware,wooden ware,TRUE
1056,wooden ware c,wooden ware,FALSE
1807,woodenware manufacturer,nail manuf,FALSE
704,woodyard,wood yard,FALSE
1102,wool dealer,wooden ware,FALSE
937,worsted twister,worsted twister,TRUE
728,youngladies school,youngladies school,TRUE
1388,youths clothing,youths clothing,TRUE
