,Occupation,cluster,Occupation_normalize,standard_name,score_with_std
0,shoemaker,0,shoemaker,maker,71
1,mason,1,mason,mason,100
2,carpenter,2,carpenter,carpenter,100
3,merchant,3,merchant,merchant,100
4,marble sawyer,57,marble sawyer,sawyer,100
5,milkman,4,milkman,man,60
6,laborer,5,laborer,laborer,100
7,furrier,6,furrier,ier,60
8,butcher,7,butcher,but,60
9,accountant,8,accountant,ccountant,95
10,sash and blind maker,9,sash and blind maker,blind maker,100
11,sashmaker,0,sashmaker,maker,71
12,capmaker,55,capmaker,maker,77
13,seaman,10,seaman,man,67
14,ship joiner,169,ship joiner,in,31
15,printer,11,printer,printer,100
16,builder,12,builder,builder,100
17,tailor,13,tailor,tailor,100
18,music printer and engraver,11,music printer and engraver,printer,100
19,porter house,23,porter house,porter,100
20,lawyer,14,lawyer,la,50
21,surgical instrument maker,169,surgical instrument maker,in,15
22,ivory black factory,148,ivory black factory,factory,100
23,blacksmith,15,blacksmith,blacksmith,100
24,milk and butter store,117,milk and butter store,store,100
25,civil engineer,38,civil engineer,engineer,100
26,dry goods store,94,dry goods store,goods,100
27,sailmaker,173,sailmaker,maker,71
28,broker,16,broker,broker,100
29,daguerreotyper,39,daguerreotyper,daguerr;daguer,50
30,moulder,17,moulder,er;mould,67
31,laborer r,114,laborer r,er r,62
32,waiter,35,waiter,painter,77
33,aeolian piano fortes music books and stationary,146,aeolian piano fortes music books and stationary,music,100
34,hair dresser,141,hair dresser,dresser,100
35,keeper of the penitentiary,123,keeper of the penitentiary,keeper,100
36,watch glass mafr,151,watch glass mafr,glass,100
37,importer,90,importer,importer;r,100
38,taxidermist,26,taxidermist,ist,43
39,h,194,h,navy yard,0
40,blockmaker,89,blockmaker,maker,67
41,builders,12,builders,builder,93
42,shoe store,18,shoe store,store,100
43,ship carpenter,2,ship carpenter,carpenter,100
44,cot maker,19,cot maker,maker,100
45,binder,12,binder,builder,77
46,shade maker,144,shade maker,maker,100
47,book-keeper,123,book-keeper,keeper,100
48,sergeant u,99,sergeant u,surgeon,59
49,tavern and painter,35,tavern and painter,painter,100
50,druggist labeller,37,druggist labeller,druggist,100
51,grocer,20,grocer,grocer,100
52,cooper,21,cooper,cooper,100
53,ship master,138,ship master,ship,100
54,agent,22,agent,agent,100
55,carman r,114,carman r,er r,50
56,commission merchant,3,commission merchant,merchant,100
57,stock broker,16,stock broker,broker,100
58,glass cutter,59,glass cutter,cutter,100
59,porter,23,porter,porter,100
60,nurse,24,nurse,urs,75
61,clerk,25,clerk,clerk,100
62,stone cutter,59,stone cutter,cutter,100
63,grocers,20,grocers,grocer,92
64,salesman,10,salesman,man,55
65,cook,21,cook,cooper,60
66,sign painter,35,sign painter,painter,100
67,artist,26,artist,ist,67
68,carpet weaver,27,carpet weaver,pe;carpet,80
69,groeer,20,groeer,grocer,83
70,proprietor,28,proprietor,proprietor,100
71,insurance agent,22,insurance agent,agent,100
72,market,29,market,market,100
73,stonecutter,30,stonecutter,stonecutter,100
74,architect,31,architect,architect,100
75,hostler,64,hostler,ho,44
76,merchant tailor,3,merchant tailor,merchant,100
77,tin roofer,180,tin roofer,roofer,100
78,stone yard,125,stone yard,wood,29
79,inspector,32,inspector,inspector,100
80,iron railing,113,iron railing,ing maker,29
81,bookkeeper,72,bookkeeper,book,57
82,rug manufacturer,85,rug manufacturer,manufacturer,100
83,oil manufacturer,85,oil manufacturer,manufacturer,100
84,hardware dealer,97,hardware dealer,hardware,100
85,ice merchant,3,ice merchant,merchant,100
86,constable,33,constable,co,36
87,shingle shaver,76,shingle shaver,tavern,50
88,silversmith,115,silversmith,silver,71
89,coal dealer,155,coal dealer,coal,100
90,union coal yard,155,union coal yard,coal,100
91,western insurance office,74,western insurance office,office,100
92,cabinet maker,188,cabinet maker,cabinet,100
93,baker,34,baker,baker,100
94,mason and oyster saloon ,109,mason and oyster saloon ,saloon,100
95,clcrk,25,clcrk,clerk,80
96,painter,35,painter,painter,100
97,carman,36,carman,man,67
98,spice mills,133,spice mills,mills;planing mill,62
99,saw manufacturer and tavern,85,saw manufacturer and tavern,manufacturer,100
100,plasterer,64,plasterer,ho,0
101,druggist,37,druggist,druggist,100
102,tinman,4,tinman,man,67
103,watch and clock maker,19,watch and clock maker,maker,100
104,mercht,3,mercht,merchant,86
105,clerk common council,25,clerk common council,clerk,100
106,undertaker,34,undertaker,baker,53
107,livery,175,livery,milliner,57
108,engineer,38,engineer,engineer,100
109,brown stone cutter,59,brown stone cutter,cutter,100
110,stage driver,41,stage driver,storage;stor,58
111,flagger,98,flagger,ger,60
112,daguerreotypist,39,daguerreotypist,daguerr;daguer,48
113,physician,40,physician,physician,100
114,mei chant,3,mei chant,merchant,59
115,bowling saloon,109,bowling saloon,saloon,100
116,storage,41,storage,storage;stor,100
117,editor and lawyer,65,editor and lawyer,editor,100
118,tinsmith,176,tinsmith,ins,55
119,marketman,29,marketman,market,80
120,wood engraver,47,wood engraver,engraver,100
121,mer,42,mer,mer,100
122,physician and surgeon ,40,physician and surgeon ,physician,100
123,chemist and apothecary,43,chemist and apothecary,chemist,100
124,distiller,44,distiller,distiller,100
125,rectifiers and distillers,44,rectifiers and distillers,distiller,53
126,fruit merchant,139,fruit merchant,fruit,100
127,stoves,45,stoves,stove,91
128,stove,45,stove,stove,100
129,principal of,102,principal of,principal,100
130,pastor,46,pastor,tor;or,50
131,engraver,47,engraver,engraver,100
132,chemist,43,chemist,chemist,100
133,watch maker,151,watch maker,glass,12
134,glass blower,151,glass blower,glass,100
135,pork dealer,129,pork dealer,dealer,100
136,house agents,22,house agents,agent,59
137,miller r,114,miller r,er r,67
138,lace and hosiery store,181,lace and hosiery store,store,100
139,proprietors,28,proprietors,proprietor,95
140,saddler,92,saddler,dler,73
141,stationer,108,stationer,auctioneer,74
142,contractor,48,contractor,contractor;ctor,100
143,furnishing undertaker,192,furnishing undertaker,furnishing,100
144,gardener,49,gardener,gardener,100
145,pilot,50,pilot,pilot,100
146,stove dealer,45,stove dealer,stove,100
147,publisher,51,publisher,publisher,100
148,shoe dealer,128,shoe dealer,dealer,100
149,machinist,52,machinist,machinist,100
150,pump and block maker,89,pump and block maker,maker,100
151,grocery and feed store ,116,grocery and feed store ,grocery,100
152,milliner,175,milliner,milliner,100
153,dressmaker,144,dressmaker,maker,67
154,man’rs,183,man’rs,ma,50
155,draper and tailor,13,draper and tailor,tailor,100
156,coroner office,74,coroner office,office,100
157,physician and surgeon,99,physician and surgeon,surgeon,100
158,ivory turner,119,ivory turner,turner,100
159,shoemakor,0,shoemakor,maker,57
160,ferryman,61,ferryman,ferry;master,70
161,stevedore,53,stevedore,ste;stevedore,100
162,boarding house,54,boarding house,ing house;ing,78
163,reporter,23,reporter,porter,86
164,lumber dealer and measurer,168,lumber dealer and measurer,lumber,100
165,hatter,59,hatter,cutter,67
166,at the cor,117,at the cor,store,53
167,marble polisher,179,marble polisher,polisher,100
168,cap maker,55,cap maker,maker,100
169,pencil maker,19,pencil maker,maker,100
170,engineer r,114,engineer r,er r,57
171,speculator,32,speculator,inspector,74
172,corset maker,19,corset maker,maker,100
173,bookbinder,12,bookbinder,builder,59
174,barkeeper,123,barkeeper,keeper,80
175,goldpen manufacturer,85,goldpen manufacturer,manufacturer,100
176,gold pen maker,55,gold pen maker,maker,100
177,lamp store,62,lamp store,store,100
178,superintendent,56,superintendent,superint,73
179,rag dealer,168,rag dealer,lumber,38
180,produce dealer,152,produce dealer,dealer,100
181,shipmaster,138,shipmaster,ship,57
182,sawyer,57,sawyer,sawyer,100
183,exchange broker,16,exchange broker,broker,100
184,jobber,83,jobber,ber;er,50
185,watchmaker,93,watchmaker,watchman,78
186,joiner,169,joiner,in,50
187,tin stamper,117,tin stamper,store,38
188,teacher & com,60,teacher & com,teacher,100
189,cage maker,55,cage maker,maker,100
190,furniture store,58,furniture store,furniture,100
191,brushmaker,140,brushmaker,maker,67
192,morrocco case mfr,174,morrocco case mfr,case,100
193,stereotyper,39,stereotyper,daguerr;daguer,32
194,cutter,59,cutter,cutter,100
195,clothier,143,clothier,cloth,77
196,teacher,60,teacher,teacher,100
197,confectionary and fruit,139,confectionary and fruit,fruit,100
198,coachmaker,71,coachmaker,coach,67
199,ferry master,61,ferry master,ferry;master,100
200,locksmith,105,locksmith,it;locksmith;l;gas fitter;er;bell hanger,100
201,biscuit dealer,128,biscuit dealer,dealer,100
202,glazier,14,glazier,la,44
203,ranges,41,ranges,storage;stor,44
204,marble cutter,59,marble cutter,cutter,100
205,cigarmaker,55,cigarmaker,maker,67
206,paper merchant,147,paper merchant,paper,100
207,fruit dealer,139,fruit dealer,fruit,100
208,cap store,62,cap store,store,100
209,coal yard,155,coal yard,coal,100
210,coal yard h lushing c ,101,coal yard h lushing c ,c,100
211,soap maker,55,soap maker,maker,100
212,for ladies and gentlemen,63,for ladies and gentlemen,gentlemen,100
213,rope maker,66,rope maker,e maker,83
214,upholsterer,64,upholsterer,ho,31
215,leather dealer,166,leather dealer,leather,100
216,house and sign painter,35,house and sign painter,painter,100
217,millinery and fancy store,88,millinery and fancy store,and fancy store,100
218,cap mfr c,101,cap mfr c,c,100
219,saddle and harness maker,106,saddle and harness maker,harness maker,100
220,oil merchant,3,oil merchant,merchant,100
221,whiting factory,148,whiting factory,factory,100
222,storage of,41,storage of,storage;stor,82
223,hardware merchant,3,hardware merchant,merchant,100
224,spar maker,173,spar maker,maker,100
225,huxter,59,huxter,cutter,67
226,editor,65,editor,editor,100
227,pencil case maker,174,pencil case maker,case,100
228,granite yard,87,granite yard,ard;steward;ste,22
229,frame maker,66,frame maker,e maker,83
230,tripe cuter,59,tripe cuter,cutter,59
231,attorney,67,attorney,attorney,100
232,steward city hospital,87,steward city hospital,ard;steward;ste,64
233,boot and shoe store,18,boot and shoe store,store,100
234,feed store,124,feed store,flour,40
235,cartman,36,cartman,man,60
236,segar maker,173,segar maker,maker,100
237,groccr,20,groccr,grocer,83
238,pedlar,21,pedlar,cooper,50
239,agent for the hire of real estate ,22,agent for the hire of real estate ,agent,100
240,tanner,196,tanner,er;ner;tanner;ur;currier;and,100
241,morocco dresser,112,morocco dresser,morocco,100
242,carriage,68,carriage,carriage,100
243,britannia,102,britannia,principal,56
244,shipsmith,138,shipsmith,ship,62
245,carver,69,carver,ve;carver,100
246,ropemaker,0,ropemaker,maker,71
247,tea merchant,3,tea merchant,merchant,100
248,artificial flowers,86,artificial flowers,artificial,100
249,whitewashcr r,114,whitewashcr r,er r,47
250,exchange office,74,exchange office,office,100
251,musician,146,musician,music,77
252,city surveyor and engineer ,95,city surveyor and engineer ,surveyor,100
253,spile driver,152,spile driver,dealer,44
254,weigher,70,weigher,weigher,100
255,rule manufacturer,85,rule manufacturer,manufacturer,100
256,coachman,71,coachman,coach,77
257,optician,40,optician,physician,71
258,commander,92,commander,dler,46
259,paint mill,126,paint mill,paint,100
260,lime dealer foot of,103,lime dealer foot of,foot of,100
261,rigger,98,rigger,ger,67
262,land and insurance agent,22,land and insurance agent,agent,100
263,beer agent,22,beer agent,agent,100
264,bookeeper,72,bookeeper,book,62
265,composition roofer,180,composition roofer,roofer,100
266,composition roofers,180,composition roofers,roofer,48
267,butcher and beer shop,7,butcher and beer shop,but,25
268,boot maker,130,boot maker,boot,100
269,furnishing store,192,furnishing store,furnishing,100
270,farmer city marshal,73,farmer city marshal,mer,27
271,farmer,73,farmer,mer,67
272,sash and blind maker ,9,sash and blind maker ,blind maker,100
273,office,74,office,office,100
274,upholsterer and paper hanger,64,upholsterer and paper hanger,ho,13
275,sexton,75,sexton,sexton,100
276,periodical store,62,periodical store,store,100
277,tavern,76,tavern,tavern,100
278,fisherman,77,fisherman,erman,71
279,physicians end surgeons,40,physicians end surgeons,physician,56
280,coppersmith and brass founder,78,coppersmith and brass founder,coppersmith,100
281,currier,196,currier,er;ner;tanner;ur;currier;and,100
282,coppersmith,78,coppersmith,coppersmith,100
283,florist,26,florist,ist,60
284,riding dress maker,144,riding dress maker,maker,100
285,insurance broker,16,insurance broker,broker,100
286,fireman,77,fireman,erman,67
287,alderman,36,alderman,man,55
288,comptroller,136,comptroller,collector,60
289,maf,137,maf,manuf,75
290,hermitage hotel,182,hermitage hotel,hotel,100
291,jeweller,79,jeweller,jeweller,100
292,packer,34,packer,baker,73
293,lighterman,77,lighterman,erman,67
294,sash maker,144,sash maker,maker,100
295,house mover,82,house mover,house,100
296,superint of,56,superint of,superint,100
297,wire maker,173,wire maker,maker,100
298,steamboat captain,127,steamboat captain,captain,100
299,paint factory,126,paint factory,paint,100
300,school,80,school,school,100
301,jersey pilot,50,jersey pilot,pilot,100
302,oyster saloon,109,oyster saloon,saloon,100
303,ink manufactory,81,ink manufactory,manufactory,100
304,coach factory,148,coach factory,factory,100
305,fur skin dresser,141,fur skin dresser,dresser,100
306,fur store,121,fur store,store;liquor store,76
307,cap hat and fur store,62,cap hat and fur store,store,100
308,millwright and machinist,52,millwright and machinist,machinist,100
309,scrivenor,69,scrivenor,ve;carver,56
310,house framer,82,house framer,house,100
311,city marshall,183,city marshall,ma,27
312,staircaser r,114,staircaser r,er r,50
313,flour feed,124,flour feed,flour,100
314,barber,83,barber,ber;er,50
315,Union foundry & machine shop,186,Union foundry & machine shop,found,32
316,oil cloth maker,143,oil cloth maker,cloth,100
317,ins co,176,ins co,ins,100
318,teamster,84,teamster,ster,67
319,livery stable,33,livery stable,co,0
320,tailoress,13,tailoress,tailor,80
321,bootmaker,19,bootmaker,maker,71
322,coffee roaster,165,coffee roaster,coffee,100
323,phystciau,40,phystciau,physician,78
324,manufacturer,85,manufacturer,manufacturer,100
325,druggist and,37,druggist and,druggist,100
326,chemist and practical apothecary,43,chemist and practical apothecary,chemist,100
327,clock store,181,clock store,store,100
328,segar store,62,segar store,store,100
329,drugs,37,drugs,druggist,77
330,artificial flower maker,86,artificial flower maker,artificial,100
331,straw hat manufacturer,85,straw hat manufacturer,manufacturer,100
332,millinary,175,millinary,milliner,82
333,artificial,86,artificial,artificial,100
334,strawhat manufactory,81,strawhat manufactory,manufactory,100
335,steward,87,steward,ard;steward;ste,100
336,bricklayer,14,bricklayer,la,33
337,boarding bouse,54,boarding bouse,ing house;ing,35
338,brewer,5,brewer,laborer,62
339,bookstore,41,bookstore,storage;stor,48
340,lead pipe manufacturer,85,lead pipe manufacturer,manufacturer,100
341,custom house officer,100,custom house officer,house,100
342,gunner,187,gunner,gun,67
343,chronometers,180,chronometers,roofer,56
344,tobacconist,162,tobacconist,ist,43
345,house smith,115,house smith,silver,24
346,fancy store,88,fancy store,and fancy store,100
347,ventriloquist,37,ventriloquist,druggist,48
348,sailing master,113,sailing master,ing maker,26
349,steam planing mills,133,steam planing mills,mills;planing mill,84
350,watch case maker,174,watch case maker,case,100
351,ship yard,138,ship yard,ship,100
352,glass stainer,151,glass stainer,glass,100
353,charts,26,charts,ist,22
354,president,56,president,superint,47
355,attorney and counsellor,67,attorney and counsellor,attorney,100
356,vinegar manufacturer,85,vinegar manufacturer,manufacturer,100
357,gardiner,49,gardiner,gardener,88
358,provision store,117,provision store,store,100
359,letter carrier,68,letter carrier,carriage,55
360,block maker,89,block maker,maker,100
361,flour merchant,3,flour merchant,merchant,100
362,importer of segars wines fruits hr,90,importer of segars wines fruits hr,importer;r,89
363,paver,147,paver,paper,80
364,gold case maker,174,gold case maker,case,100
365,variety baker,34,variety baker,baker,100
366,confectioner,189,confectioner,confection,91
367,wheelwright,91,wheelwright,wheelwright,100
368,painter gilder and glazier,35,painter gilder and glazier,painter,100
369,veterinary surgeon,99,veterinary surgeon,surgeon,100
370,real estate broker,16,real estate broker,broker,100
371,calico printer,11,calico printer,printer,100
372,painter r,35,painter r,painter,100
373,chandler,92,chandler,dler,67
374,mathematical instrument maker,169,mathematical instrument maker,in,13
375,rector,32,rector,inspector,67
376,associate editor of the,65,associate editor of the,editor,100
377,car'penter,2,car'penter,carpenter,95
378,select school,80,select school,school,100
379,whitewasher r,114,whitewasher r,er r,47
380,navy yard watch ,194,navy yard watch ,navy yard,100
381,carpenter printer,2,carpenter printer,carpenter,100
382,truckman,36,truckman,man,55
383,buttonmaker,34,buttonmaker,baker,62
384,waterman,93,waterman,watchman,75
385,junk shop,193,junk shop,shop,100
386,grocer and shoemaker,0,grocer and shoemaker,maker,40
387,oil cloth printer ,143,oil cloth printer ,cloth,100
388,laborcr,5,laborcr,laborer,86
389,ferrymaster,61,ferrymaster,ferry;master,96
390,watchman,93,watchman,watchman,100
391,boiler maker,173,boiler maker,maker,100
392,charcoal dealer,128,charcoal dealer,dealer,100
393,candlemaker,92,candlemaker,dler,53
394,pattern warehouse,82,pattern warehouse,house,45
395,grocery and feed store,116,grocery and feed store,grocery,100
396,dry goods,94,dry goods,goods,100
397,variety store,117,variety store,store,100
398,sampler custom house,100,sampler custom house,house,100
399,hackman,71,hackman,coach,33
400,dining and oyster saloon,109,dining and oyster saloon,saloon,100
401,surveyor,95,surveyor,surveyor,100
402,cutler,59,cutler,cutter,83
403,junk store,117,junk store,store,100
404,dentist,156,dentist,mechanic,40
405,capenter,2,capenter,carpenter,94
406,laborer mate,122,laborer mate,mate;ate,70
407,lieutenant,96,lieutenant,lieut,67
408,pedler,92,pedler,dler,80
409,hardware,97,hardware,hardware,100
410,gauger,98,gauger,ger,67
411,painter c,101,painter c,c,100
412,mariner,11,mariner,printer,71
413,straw goods,94,straw goods,goods,100
414,city surveyor,95,city surveyor,surveyor,100
415,surgeon dentist,99,surgeon dentist,surgeon,100
416,clothing store,117,clothing store,store,100
417,sext,75,sext,sexton,80
418,surgeon,99,surgeon,surgeon,100
419,grocer c,20,grocer c,grocer,100
420,bookseller,72,bookseller,book,57
421,varnisher and polisher,179,varnisher and polisher,polisher,100
422,custom house,100,custom house,house,100
423,shipwright,138,shipwright,ship,57
424,gas fitter,105,gas fitter,it;locksmith;l;gas fitter;er;bell hanger,100
425,c,101,c,c,100
426,BROOKLYN DAILY AOVERTISER office,74,BROOKLYN DAILY AOVERTISER office,office,100
427,oqjce,20,oqjce,grocer,55
428,principal,102,principal,principal,100
429,foot of,103,foot of,foot of,100
430,milliner and fancy store,88,milliner and fancy store,and fancy store,100
431,cabinet and upholstery warehouse,188,cabinet and upholstery warehouse,cabinet,100
432,seaman merchant,3,seaman merchant,merchant,100
433,cooperage,21,cooperage,cooper,80
434,cash and blind maker,9,cash and blind maker,blind maker,100
435,watchman fulton market ,29,watchman fulton market ,market,100
436,carpenter and builder,12,carpenter and builder,builder,100
437,flax dresser,141,flax dresser,dresser,100
438,cupper leecher and hairdresser,104,cupper leecher and hairdresser,leecher;leech;hairdresser;and leech;er;i,87
439,bookeeper mansionhouse h,72,bookeeper mansionhouse h,book,29
440,leather merchant,166,leather merchant,leather,100
441,sculptor,46,sculptor,tor;or,43
442,shipping merchant,3,shipping merchant,merchant,100
443,gas fitter locksmith and bell hanger,105,gas fitter locksmith and bell hanger,it;locksmith;l;gas fitter;er;bell hanger,94
444,painter constable,35,painter constable,painter,100
445,stone mason,1,stone mason,mason,100
446,milk dealer,152,milk dealer,dealer,100
447,harness maker,106,harness maker,harness maker,100
448,ship painter,138,ship painter,ship,100
449,teacher of elocution,60,teacher of elocution,teacher,100
450,watchman navy yard,93,watchman navy yard,watchman,100
451,clerk navy yd,25,clerk navy yd,clerk,100
452,gold pen manufacturers,85,gold pen manufacturers,manufacturer,71
453,laborer carpenter,2,laborer carpenter,carpenter,100
454,victualling and boarding house,54,victualling and boarding house,ing house;ing,71
455,straw and millinery goods,175,straw and millinery goods,milliner,48
456,trunkmaker,140,trunkmaker,maker,67
457,salaratus manufacturers,85,salaratus manufacturers,manufacturer,69
458,laboror clove road,107,laboror clove road,clove road,100
459,cab driver,69,cab driver,ve;carver,63
460,porter r,23,porter r,porter,100
461,copper,118,copper,copper;er;worker,100
462,clock maker,89,clock maker,maker,100
463,boat builder,12,boat builder,builder,100
464,fishmonger,192,fishmonger,furnishing,60
465,marketman c,101,marketman c,c,100
466,tea and coffee store,165,tea and coffee store,coffee,100
467,purser,24,purser,urs,67
468,ship house and ornamental carver,138,ship house and ornamental carver,ship,100
469,lithographer,147,lithographer,paper,47
470,stair case maker,174,stair case maker,case,100
471,porterhouse,23,porterhouse,porter,71
472,lieutcntant,96,lieutcntant,lieut,62
473,deputy keeper of the penitentiary,123,deputy keeper of the penitentiary,keeper,100
474,ladies boot binder,130,ladies boot binder,boot,100
475,piano forte maker,19,piano forte maker,maker,100
476,basket and fancy store,88,basket and fancy store,and fancy store,100
477,teller,79,teller,jeweller,71
478,weigh master,61,weigh master,ferry;master,67
479,city weigher,70,city weigher,weigher,100
480,sea captain,127,sea captain,captain,100
481,plumber,168,plumber,lumber,92
482,machinist manufacturer of steam engines sugar mills saw & grist mills boilers,85,machinist manufacturer of steam engines sugar mills saw & grist mills boilers,manufacturer,100
483,presses pumps and gearing for working mines &c &c,101,presses pumps and gearing for working mines &c &c,c,100
484,auctioneer,108,auctioneer,auctioneer,100
485,teacher r,114,teacher r,er r,62
486,morocco dresser n,112,morocco dresser n,morocco,100
487,coach painter,35,coach painter,painter,100
488,harness maker junction,106,harness maker junction,harness maker,100
489,navy yard watch,194,navy yard watch,navy yard,100
490,coppersmith r,78,coppersmith r,coppersmith,100
491,pastor of the,46,pastor of the,tor;or,42
492,superintendant of gas works,56,superintendant of gas works,superint,46
493,boatman,93,boatman,watchman,67
494,schoemaker,0,schoemaker,maker,67
495,potter,23,potter,porter,83
496,school teacher,60,school teacher,teacher,100
497,cupper and leecher,104,cupper and leecher,leecher;leech;hairdresser;and leech;er;i,76
498,com,195,com,com;c,100
499,saddler &c,101,saddler &c,c,100
500,lawer,14,lawer,la,57
501,hardware store,97,hardware store,hardware,100
502,general furnishing undertaker,192,general furnishing undertaker,furnishing,100
503,preacher,60,preacher,teacher,80
504,ship builder,138,ship builder,ship,100
505,saloon,109,saloon,saloon,100
506,roofers,180,roofers,roofer,92
507,ship yard and marine railway ,138,ship yard and marine railway ,ship,100
508,engraver and printer,11,engraver and printer,printer,100
509,tassel maker,110,tassel maker,ker,40
510,eating house,54,eating house,ing house;ing,86
511,gas fixtures ]amps,111,gas fixtures ]amps,fixtures,100
512,weaver,27,weaver,pe;carpet,27
513,gasfixtures lamps,111,gasfixtures lamps,fixtures,64
514,caulker,25,caulker,clerk,67
515,refectory,148,refectory,factory,75
516,com mer,42,com mer,mer,100
517,junk dealer,193,junk dealer,shop,0
518,millinery store,175,millinery store,milliner,70
519,gardener and florist,49,gardener and florist,gardener,100
520,organ builder,12,organ builder,builder,100
521,steel,53,steel,ste;stevedore,44
522,labordr,5,labordr,laborer,86
523,tin toy manufacturer r,85,tin toy manufacturer r,manufacturer,100
524,umbrella dealer,128,umbrella dealer,dealer,100
525,crockery dealer,128,crockery dealer,dealer,100
526,package express,161,package express,pres,42
527,boot fitter,130,boot fitter,boot,100
528,seaman r,10,seaman r,man,55
529,morocco,112,morocco,morocco,100
530,iron railing maker,113,iron railing maker,ing maker,71
531,builder house agent and collector,12,builder house agent and collector,builder,100
532,counsellor and attorney,67,counsellor and attorney,attorney,100
533,private watchman,93,private watchman,watchman,100
534,r,114,r,er r,100
535,keeper city park,123,keeper city park,keeper,100
536,carriage driver,68,carriage driver,carriage,100
537,furman n,36,furman n,man,55
538,silver smith,115,silver smith,silver,100
539,manufr and dealer in hosiery ,128,manufr and dealer in hosiery ,dealer,100
540,hosiery store,18,hosiery store,store,100
541,lumber yd,168,lumber yd,lumber,100
542,engineer and draftsman,38,engineer and draftsman,engineer,100
543,major,1,major,mason,60
544,chemical color maker,172,chemical color maker,chemical,100
545,grocery,116,grocery,grocery,100
546,tin store,117,tin store,store,100
547,fancy goods,94,fancy goods,goods,100
548,cabman,36,cabman,man,67
549,fringe,11,fringe,printer,62
550,fringe manufacturer,85,fringe manufacturer,manufacturer,100
551,framer,82,framer,house,18
552,coach smith,71,coach smith,coach,100
553,slater,166,slater,leather,77
554,tin copper and sheet iron worker ,118,tin copper and sheet iron worker ,copper;er;worker,90
555,custom house inspector,32,custom house inspector,inspector,100
556,auctioneer c,101,auctioneer c,c,100
557,turner,119,turner,turner,100
558,lighterman r,114,lighterman r,er r,50
559,tea broker,16,tea broker,broker,100
560,trunk maker,120,trunk maker,maker,100
561,liquor store,121,liquor store,store;liquor store,100
562,city weigher h ,70,city weigher h ,weigher,100
563,storage merchant,3,storage merchant,merchant,100
564,proiesor of music,146,proiesor of music,music,100
565,morocco dressers,112,morocco dressers,morocco,100
566,coat scourer,153,coat scourer,cour,50
567,bank note engraver,47,bank note engraver,engraver,100
568,block and pump maker,132,block and pump maker,pump maker,100
569,nortrait and historical painter,35,nortrait and historical painter,painter,100
570,tin plate worker,118,tin plate worker,copper;er;worker,62
571,cigar maker,55,cigar maker,maker,100
572,mate,122,mate,mate;ate,100
573,watchmaker and jeweller,79,watchmaker and jeweller,jeweller,100
574,cigar store,62,cigar store,store,100
575,measurer of grain,167,measurer of grain,r of;professor of,52
576,tea store,117,tea store,store,100
577,counsellor,191,counsellor,counsellor,100
578,hardware mer,42,hardware mer,mer,100
579,keeper,123,keeper,keeper,100
580,fishermans eottage,77,fishermans eottage,erman,43
581,newsman,10,newsman,man,60
582,rector of,28,rector of,proprietor,53
583,steam boat inspector,32,steam boat inspector,inspector,100
584,draper,147,draper,paper,73
585,forwarding merchant,3,forwarding merchant,merchant,100
586,police marshal,183,police marshal,ma,25
587,hdwr,97,hdwr,hardware,67
588,assist,26,assist,ist,67
589,port painter,35,port painter,painter,100
590,baikeeper,123,baikeeper,keeper,80
591,manufacturing jeweller,79,manufacturing jeweller,jeweller,100
592,fur factory,148,fur factory,factory,100
593,stage proprietor,28,stage proprietor,proprietor,100
594,music printer,146,music printer,music,100
595,shoerr aker r,114,shoerr aker r,er r,47
596,stone cutter r,59,stone cutter r,cutter,100
597,lumber merchant,3,lumber merchant,merchant,100
598,postoffice,74,postoffice,office,75
599,flour and feed store,124,flour and feed store,flour,100
600,compositor,46,compositor,tor;or,50
601,type caster,84,type caster,ster,53
602,oil manufr,137,oil manufr,manuf,67
603,cooper and winc dresser,21,cooper and winc dresser,cooper,100
604,oil manufacturers,85,oil manufacturers,manufacturer,83
605,gun and locksmith,187,gun and locksmith,gun,100
606,Insurance agent,22,Insurance agent,agent,100
607,leather dresser,166,leather dresser,leather,100
608,blacksmith r,114,blacksmith r,er r,40
609,wood yard,125,wood yard,wood,100
610,watch and clock dealer,152,watch and clock dealer,dealer,100
611,brashmaker,140,brashmaker,maker,67
612,carpenters,2,carpenters,carpenter,95
613,book agent,22,book agent,agent,100
614,lumber yard,168,lumber yard,lumber,100
615,principal public,102,principal public,principal,100
616,wood yards,125,wood yards,wood,100
617,furrier r,114,furrier r,er r,62
618,sail maker,173,sail maker,maker,100
619,grate maker,66,grate maker,e maker,83
620,boot and shocmaker,130,boot and shocmaker,boot,100
621,exchange,3,exchange,merchant,62
622,crockery store,117,crockery store,store,100
623,shoc store,18,shoc store,store,100
624,oil cloth painter,35,oil cloth painter,painter,100
625,groccry and variety store coachman,71,groccry and variety store coachman,coach,26
626,expressman,161,expressman,pres,57
627,paint,126,paint,paint,100
628,brick dealer,152,brick dealer,dealer,100
629,china hall,183,china hall,ma,17
630,captain,127,captain,captain,100
631,shipjoiner,138,shipjoiner,ship,57
632,tea dealer,128,tea dealer,dealer,100
633,map publisher,51,map publisher,publisher,100
634,grate and fender maker,55,grate and fender maker,maker,100
635,musical instrument maker,169,musical instrument maker,in,15
636,trimming and fancy store,88,trimming and fancy store,and fancy store,100
637,clerk bank,25,clerk bank,clerk,100
638,dyer,17,dyer,er;mould,33
639,dock builder,12,dock builder,builder,100
640,grain broker,16,grain broker,broker,100
641,mcrchant,3,mcrchant,merchant,88
642,copyist,162,copyist,ist,60
643,copyist and clerk,25,copyist and clerk,clerk,100
644,liquor dealer,129,liquor dealer,dealer,100
645,lemon syrup manufacturer,85,lemon syrup manufacturer,manufacturer,100
646,hackman r,114,hackman r,er r,40
647,pattern maker,120,pattern maker,maker,100
648,clove road,107,clove road,clove road,100
649,crescent shades,2,crescent shades,carpenter,50
650,pianoforte and music store,146,pianoforte and music store,music,100
651,draftsman,10,draftsman,man,50
652,straw bonnet manufacturer,85,straw bonnet manufacturer,manufacturer,100
653,provision dealer,152,provision dealer,dealer,100
654,marketinan,29,marketinan,market,75
655,provision dealers,152,provision dealers,dealer,52
656,boot and shoemaker,130,boot and shoemaker,boot,100
657,marble paper manufacturer,85,marble paper manufacturer,manufacturer,100
658,paper manufacturer,147,paper manufacturer,paper,100
659,coalyard,155,coalyard,coal,67
660,Luther school,80,Luther school,school,100
661,seamanr,10,seamanr,man,60
662,editor military,65,editor military,editor,100
663,paint store,126,paint store,paint,100
664,laborer foot of,103,laborer foot of,foot of,100
665,boot,130,boot,boot,100
666,fish dealer,152,fish dealer,dealer,100
667,ship chandler,92,ship chandler,dler,47
668,mustard manf,131,mustard manf,man;mustard;ar,85
669,mustard and chocolate factory ,148,mustard and chocolate factory ,factory,100
670,ship sawyer,57,ship sawyer,sawyer,100
671,fishing tackle manufacturer,85,fishing tackle manufacturer,manufacturer,100
672,dining saloon,109,dining saloon,saloon,100
673,finding store,117,finding store,store,100
674,pump maker,132,pump maker,pump maker,100
675,lock manufacturer,85,lock manufacturer,manufacturer,100
676,nail factory c,101,nail factory c,c,100
677,marketmau,29,marketmau,market,80
678,fruiterer,139,fruiterer,fruit,71
679,hat store,117,hat store,store,100
680,joiner r,114,joiner r,er r,67
681,planing mills,133,planing mills,mills;planing mill,100
682,laborer umbrella manf,5,laborer umbrella manf,laborer,100
683,agent life and fire insurance,22,agent life and fire insurance,agent,100
684,daguerrian,39,daguerrian,daguerr;daguer,58
685,pipe maker,132,pipe maker,pump maker,80
686,saw filer,134,saw filer,ler,50
687,att'y,135,att'y,att;att'y;y & co,100
688,riding school,80,riding school,school,100
689,umbrella maker,55,umbrella maker,maker,100
690,collector,136,collector,collector,100
691,branch hotel,182,branch hotel,hotel,100
692,portrait painter,35,portrait painter,painter,100
693,fancy trimming store,88,fancy trimming store,and fancy store,85
694,bootmaker laborer,5,bootmaker laborer,laborer,100
695,cotton sampler,33,cotton sampler,co,25
696,harness covering,106,harness covering,harness maker,70
697,manuf,137,manuf,manuf,100
698,grocer and feed store,20,grocer and feed store,grocer,100
699,academy,174,academy,case,55
700,dry goods dealer,94,dry goods dealer,goods,100
701,leather and findings,166,leather and findings,leather,100
702,chemist and apothecary junction of ,43,chemist and apothecary junction of ,chemist,100
703,oyster house,100,oyster house,house,100
704,wood dealer,129,wood dealer,dealer,100
705,woodyard,125,woodyard,wood,67
706,vinegar maker,173,vinegar maker,maker,100
707,patent medicines,190,patent medicines,medicine,67
708,soda water,55,soda water,maker,40
709,importer of watches,90,importer of watches,importer;r,89
710,paper carrier,147,paper carrier,paper,100
711,clock and dial painter,35,clock and dial painter,painter,100
712,porter dealer,23,porter dealer,porter,100
713,candy store,88,candy store,and fancy store,77
714,coal dcaler,155,coal dcaler,coal,100
715,brass founder and finisher,170,brass founder and finisher,finisher,100
716,clockmaker,89,clockmaker,maker,67
717,ship,138,ship,ship,100
718,oyster dealer,128,oyster dealer,dealer,100
719,root beer,130,root beer,boot,62
720,morocco finisher,112,morocco finisher,morocco,100
721,jewelry stand,79,jewelry stand,jeweller,57
722,teacher of the,60,teacher of the,teacher,100
723,physician shoemaker,0,physician shoemaker,maker,42
724,dressmrker,144,dressmrker,maker,53
725,cracker dealer,128,cracker dealer,dealer,100
726,awning maker,113,awning maker,ing maker,86
727,meat smoker,173,meat smoker,maker,62
728,city collector,136,city collector,collector,100
729,youngladies school,80,youngladies school,school,100
730,pres,161,pres,pres,100
731,Ins agt,176,Ins agt,ins,100
732,sash & blind maker,9,sash & blind maker,blind maker,100
733,huxster,59,huxster,cutter,62
734,gilder,12,gilder,builder,77
735,sealing wax maker,55,sealing wax maker,maker,100
736,ribbon store,117,ribbon store,store,100
737,watchman navy yard r,93,watchman navy yard r,watchman,100
738,spirit of soap manufacturer,85,spirit of soap manufacturer,manufacturer,100
739,fruit,139,fruit,fruit,100
740,horse shoer and blacksmith c,15,horse shoer and blacksmith c,blacksmith,100
741,lamp and oil store,117,lamp and oil store,store,100
742,brush maker,140,brush maker,maker,100
743,attorney solicitor,67,attorney solicitor,attorney,100
744,counsellor at law,191,counsellor at law,counsellor,100
745,laborer c,101,laborer c,c,100
746,jewelry,79,jewelry,jeweller,80
747,gunsmith,187,gunsmith,gun,55
748,military equipment manufacturer,85,military equipment manufacturer,manufacturer,100
749,contractor of millitary equipments,48,contractor of millitary equipments,contractor;ctor,80
750,lawyer and notary public,14,lawyer and notary public,la,15
751,law books,130,law books,boot,46
752,pencil case maker r,114,pencil case maker r,er r,40
753,pianoforte maker,19,pianoforte maker,maker,100
754,stove and tin store,117,stove and tin store,store,100
755,quarry man,131,quarry man,man;mustard;ar,58
756,solicitor,136,solicitor,collector,67
757,mechanics institute,156,mechanics institute,mechanic,59
758,card printer,11,card printer,printer,100
759,fishermans hall,77,fishermans hall,erman,50
760,laborer laborer,5,laborer laborer,laborer,100
761,brass fosset maker r,114,brass fosset maker r,er r,40
762,fur dresser,141,fur dresser,dresser,100
763,cabinet furniture,188,cabinet furniture,cabinet,100
764,printer r,114,printer r,er r,62
765,newspaper depot,147,newspaper depot,paper,50
766,stair caser,174,stair caser,case,53
767,lightcrman,36,lightcrman,man,46
768,lamplighter,179,lamplighter,polisher,63
769,cashier of the,142,cashier of the,of the,100
770,music store,146,music store,music,100
771,mercantile agency,3,mercantile agency,merchant,56
772,restaurant,76,restaurant,tavern,50
773,buteher,7,buteher,but,60
774,hoarding house,54,hoarding house,ing house;ing,78
775,laborer stone cutter,5,laborer stone cutter,laborer,100
776,custom bouse,100,custom bouse,house,47
777,merchant mer,42,merchant mer,mer,100
778,wood sawyer,57,wood sawyer,sawyer,100
779,second hand furniture store,58,second hand furniture store,furniture,100
780,teacher of drawing,60,teacher of drawing,teacher,100
781,markctman,29,markctman,market,67
782,scale beam maker,55,scale beam maker,maker,100
783,paper dealer,147,paper dealer,paper,100
784,flagger r,114,flagger r,er r,62
785,junkman,1,junkman,mason,50
786,carpenter foot of,103,carpenter foot of,foot of,100
787,clerk of markets,25,clerk of markets,clerk,100
788,shoemaker r,114,shoemaker r,er r,53
789,basket maker,110,basket maker,ker,40
790,cloth,143,cloth,cloth,100
791,bonnet manufacturer,85,bonnet manufacturer,manufacturer,100
792,shoemaker merchant,0,shoemaker merchant,maker,43
793,railroad contractor,48,railroad contractor,contractor;ctor,80
794,com merchant,3,com merchant,merchant,100
795,district attorney,67,district attorney,attorney,100
796,livery stable keeper,123,livery stable keeper,keeper,100
797,mahogany dealer,128,mahogany dealer,dealer,100
798,mahogany dealers,128,mahogany dealers,dealer,55
799,hardware and cutlery,97,hardware and cutlery,hardware,100
800,pastor of,46,pastor of,tor;or,67
801,tavern junc,76,tavern junc,tavern,100
802,ale and porter dealer,23,ale and porter dealer,porter,100
803,southern shades,153,southern shades,cour,32
804,teacher of music,60,teacher of music,teacher,100
805,James,150,James,a;James;boardinghouse,100
806,granite cutter n,59,granite cutter n,cutter,100
807,marble and granite cutter,59,marble and granite cutter,cutter,100
808,paper banger grocer,20,paper banger grocer,grocer,100
809,shoemaker brass founder,0,shoemaker brass founder,maker,36
810,oil cloth manufacturer,143,oil cloth manufacturer,cloth,100
811,laborer house smith,5,laborer house smith,laborer,100
812,tailor grocer,13,tailor grocer,tailor,100
813,professor of music,146,professor of music,music,100
814,chalk manuf,137,chalk manuf,manuf,100
815,city accountant,8,city accountant,ccountant,75
816,sauce manuf,137,sauce manuf,manuf,100
817,pill box manufacturer,85,pill box manufacturer,manufacturer,100
818,brazier,34,brazier,baker,67
819,drapers and tailors,13,drapers and tailors,tailor,48
820,tin box maker,19,tin box maker,maker,100
821,real estate and insurance agent,22,real estate and insurance agent,agent,100
822,Patrick laborer,5,Patrick laborer,laborer,100
823,produce broker,16,produce broker,broker,100
824,with good servants at,94,with good servants at,goods,38
825,fruit store,139,fruit store,fruit,100
826,fire engine builder,12,fire engine builder,builder,100
827,fire eng builder,12,fire eng builder,builder,100
828,carpenter grocer,2,carpenter grocer,carpenter,100
829,sawyer r,57,sawyer r,sawyer,100
830,blacksmith c,15,blacksmith c,blacksmith,100
831,rope w akcr,27,rope w akcr,pe;carpet,50
832,clerk gardener,49,clerk gardener,gardener,100
833,fish vender,77,fish vender,erman,25
834,backsmith,15,backsmith,blacksmith,95
835,carpenter merchant,3,carpenter merchant,merchant,100
836,lamp dealer,128,lamp dealer,dealer,100
837,soap boiler,134,soap boiler,ler,43
838,dress maker,144,dress maker,maker,100
839,furniture and upholstery wareroom,58,furniture and upholstery wareroom,furniture,100
840,ship joiner cooper,138,ship joiner cooper,ship,100
841,port warden,23,port warden,porter,59
842,china store,117,china store,store,100
843,railroad,13,railroad,tailor,57
844,type founder,186,type founder,found,59
845,editor and reporter furrier,6,editor and reporter furrier,ier,20
846,MD,145,MD,MD,100
847,music,146,music,music,100
848,paper,147,paper,paper,100
849,sash and blind makers ,9,sash and blind makers ,blind maker,69
850,millwright,91,millwright,wheelwright,67
851,oil factory,148,oil factory,factory,100
852,sperm,77,sperm,erman,60
853,tin and stove store,45,tin and stove store,stove,100
854,gilder laborer,5,gilder laborer,laborer,100
855,oil store carriage driver,68,oil store carriage driver,carriage,100
856,fiddler,134,fiddler,ler,60
857,chair maker,173,chair maker,maker,100
858,stair builder,12,stair builder,builder,100
859,optician and jeweller,79,optician and jeweller,jeweller,100
860,milk depot,156,milk depot,mechanic,22
861,poultry dealer,128,poultry dealer,dealer,100
862,wine and liquor dealer,129,wine and liquor dealer,dealer,100
863,cook r,114,cook r,er r,40
864,publisher of,51,publisher of,publisher,100
865,factory,148,factory,factory,100
866,fur dealer,129,fur dealer,dealer,100
867,occulist and aurist,26,occulist and aurist,ist,27
868,iron moulder,17,iron moulder,er;mould,70
869,butcher r,7,butcher r,but,50
870,sale and railing manufacturers,85,sale and railing manufacturers,manufacturer,57
871,coffee mill manufacturer,85,coffee mill manufacturer,manufacturer,100
872,shovel maker,110,shovel maker,ker,40
873,book store,18,book store,store,100
874,botanic medecines,190,botanic medecines,medicine,56
875,lithogiaphist,162,lithogiaphist,ist,38
876,flour,124,flour,flour,100
877,portrait painter carpenter,35,portrait painter carpenter,painter,100
878,architect and builder,31,architect and builder,architect,100
879,pavor,46,pavor,tor;or,36
880,house furnishing store,192,house furnishing store,furnishing,100
881,commissioner of,159,commissioner of,commissioner o,97
882,mechanic,156,mechanic,mechanic,100
883,post office paper carrier,147,post office paper carrier,paper,100
884,store keeper,123,store keeper,keeper,100
885,boatswain,127,boatswain,captain,62
886,shipcarpenter,2,shipcarpenter,carpenter,82
887,umbrella store,181,umbrella store,store,100
888,physicians,40,physicians,physician,95
889,boot crimper,130,boot crimper,boot,100
890,bakery,34,bakery,baker,91
891,farmer old turnpike rd n ,73,farmer old turnpike rd n ,mer,22
892,drygoods,94,drygoods,goods,77
893,jr porter house,23,jr porter house,porter,100
894,pill and paper box maker,147,pill and paper box maker,paper,100
895,willow ware,149,willow ware,ow;ware;w,70
896,c arpenter,101,c arpenter,c,100
897,button coverer,184,button coverer,over;see,45
898,goldsmith,15,goldsmith,blacksmith,63
899,well sinker,110,well sinker,ker,43
900,real estate agent,22,real estate agent,agent,100
901,lime and cement dealer,128,lime and cement dealer,dealer,100
902,butter dealer,128,butter dealer,dealer,100
903,school r,80,school r,school,100
904,bagging maker,113,bagging maker,ing maker,82
905,wheelwright and blacksmith,91,wheelwright and blacksmith,wheelwright,100
906,landscape painter,35,landscape painter,painter,100
907,punch cutter,59,punch cutter,cutter,100
908,oilman,4,oilman,man,67
909,boardinghouse,150,boardinghouse,a;James;boardinghouse,100
910,drover,180,drover,roofer,67
911,dealer in moulding sand,128,dealer in moulding sand,dealer,100
912,boardinghouse 111 Jay dersleeve James ,150,boardinghouse 111 Jay dersleeve James ,a;James;boardinghouse,95
913,wood willow and toy store,117,wood willow and toy store,store,100
914,shoe finder,170,shoe finder,finisher,63
915,lieut,96,lieut,lieut,100
916,cloth printer,143,cloth printer,cloth,100
917,carver and gilder,69,carver and gilder,ve;carver,80
918,chronometer maker,19,chronometer maker,maker,100
919,physician officc,40,physician officc,physician,100
920,beer shop,193,beer shop,shop,100
921,fire & life ins,176,fire & life ins,ins,100
922,com mor,195,com mor,com;c,75
923,tea coffee spice and sugars,165,tea coffee spice and sugars,coffee,100
924,comb maker,19,comb maker,maker,100
925,saddler and harness maker,106,saddler and harness maker,harness maker,100
926,milliner and dress maker,144,milliner and dress maker,maker,100
927,sheet iron worker,118,sheet iron worker,copper;er;worker,61
928,watch glass maker,151,watch glass maker,glass,100
929,waiter r,114,waiter r,er r,67
930,tin and lamp manufacturer,85,tin and lamp manufacturer,manufacturer,100
931,eating saloon,109,eating saloon,saloon,100
932,horticulturist,26,horticulturist,ist,35
933,white lead manufacturer,85,white lead manufacturer,manufacturer,100
934,white lead works,154,white lead works,marble,18
935,bat trimmer,73,bat trimmer,mer,43
936,leader,166,leader,leather,77
937,wholesale shoe merchant,3,wholesale shoe merchant,merchant,100
938,worsted twister,87,worsted twister,ard;steward;ste,53
939,cabinetmaker,188,cabinetmaker,cabinet,74
940,carpet cleaner,27,carpet cleaner,pe;carpet,80
941,gent’s,22,gent’s,agent,73
942,varnish manufacturer,85,varnish manufacturer,manufacturer,100
943,twine,108,twine,auctioneer,53
944,pastor congregational,46,pastor congregational,tor;or,44
945,engineer merchant,3,engineer merchant,merchant,100
946,merchant marketman,3,merchant marketman,merchant,100
947,counsellor and commissioner of deeds,159,counsellor and commissioner of deeds,commissioner o,92
948,city judge court room,153,city judge court room,cour,32
949,tape dresser,141,tape dresser,dresser,100
950,picture frame maker,66,picture frame maker,e maker,83
951,copperplate printer,11,copperplate printer,printer,100
952,dry good store,94,dry good store,goods,53
953,sealer,152,sealer,dealer,83
954,sausage maker,55,sausage maker,maker,100
955,varnish,192,varnish,furnishing,59
956,caps,177,caps,a,40
957,ice dealer,152,ice dealer,dealer,100
958,jr,114,jr,er r,33
959,feed stoic,124,feed stoic,flour,27
960,borer,5,borer,laborer,83
961,cooper and city guager ,21,cooper and city guager ,cooper,100
962,stone polisher,179,stone polisher,polisher,100
963,lumber inspector,32,lumber inspector,inspector,100
964,corporation attorney,67,corporation attorney,attorney,100
965,attornies & counsellors,191,attornies & counsellors,counsellor,65
966,shoemaker laborer,5,shoemaker laborer,laborer,100
967,prest,161,prest,pres,89
968,iron store,117,iron store,store,100
969,cupping and leeching,104,cupping and leeching,leecher;leech;hairdresser;and leech;er;i,41
970,thread and needle store,181,thread and needle store,store,100
971,thread maker,173,thread maker,maker,100
972,watch hand maker,151,watch hand maker,glass,10
973,ship news collector,136,ship news collector,collector,100
974,artist r,114,artist r,er r,50
975,upholst,64,upholst,ho,44
976,scourer,153,scourer,cour,73
977,clerk of street commissioner office ,25,clerk of street commissioner office ,clerk,100
978,marble works,154,marble works,marble,100
979,engraver r,47,engraver r,engraver,100
980,confectionary,189,confectionary,confection,87
981,lumber merchant h ,3,lumber merchant h ,merchant,100
982,japanuer,164,japanuer,japan,77
983,mason r,114,mason r,er r,40
984,japan ner,164,japan ner,japan,100
985,travelling agent,22,travelling agent,agent,100
986,coppersmith master cooper,21,coppersmith master cooper,cooper,100
987,tea dealer junc,128,tea dealer junc,dealer,100
988,bookeeper shoemaker,72,bookeeper shoemaker,book,35
989,coal,155,coal,coal,100
990,glass dealer,128,glass dealer,dealer,100
991,carpenter r,114,carpenter r,er r,53
992,batter,59,batter,cutter,67
993,books stationary,108,books stationary,auctioneer,46
994,ale,155,ale,coal,57
995,hat blockmaker,89,hat blockmaker,maker,53
996,clerk bank of commerce,25,clerk bank of commerce,clerk,100
997,naval constructor printer,11,naval constructor printer,printer,100
998,brass finisher,170,brass finisher,finisher,100
999,wholesale liquor dealer,129,wholesale liquor dealer,dealer,100
1000,naval constructor,48,naval constructor,contractor;ctor,62
1001,fruit and confectionary,139,fruit and confectionary,fruit,100
1002,oilcloth manufacturer,85,oilcloth manufacturer,manufacturer,100
1003,oil cloth manufacturer ,85,oil cloth manufacturer ,manufacturer,100
1004,thread needle and fancy store,88,thread needle and fancy store,and fancy store,100
1005,mechanical dentist,156,mechanical dentist,mechanic,62
1006,liquors,121,liquors,store;liquor store,74
1007,paver r,114,paver r,er r,73
1008,grain measurer,153,grain measurer,cour,22
1009,oil and candle manufacturer,85,oil and candle manufacturer,manufacturer,100
1010,ice cream,152,ice cream,dealer,40
1011,cigar dealer,128,cigar dealer,dealer,100
1012,lime,42,lime,mer,57
1013,pianoforte tuner,23,pianoforte tuner,porter,55
1014,millinery and dressmaking,175,millinery and dressmaking,milliner,48
1015,coffee mill maker,165,coffee mill maker,coffee,100
1016,harness and trunk maker,120,harness and trunk maker,maker,100
1017,grocor,20,grocor,grocer,83
1018,medical agency and confectionery,189,medical agency and confectionery,confection,48
1019,brush manufacturer,85,brush manufacturer,manufacturer,100
1020,hat presser,157,hat presser,at presser;hat presser,100
1021,variety stoic and bat presser ,157,variety stoic and bat presser ,at presser;hat presser,67
1022,weigher and measurer,70,weigher and measurer,weigher,100
1023,police officer,74,police officer,office,60
1024,auctioneer and sales room,108,auctioneer and sales room,auctioneer,100
1025,cabinet wareroom,188,cabinet wareroom,cabinet,100
1026,engineer empire mills,38,engineer empire mills,engineer,100
1027,carriage trimmer,68,carriage trimmer,carriage,100
1028,blacksmith and wheelwright ,15,blacksmith and wheelwright ,blacksmith,100
1029,coppersmith r bookeeper,78,coppersmith r bookeeper,coppersmith,100
1030,straw and tuscan hat factory ,148,straw and tuscan hat factory ,factory,100
1031,oil dealer,152,oil dealer,dealer,100
1032,copper store c,101,copper store c,c,100
1033,cylender piano maker,19,cylender piano maker,maker,100
1034,sheriff,158,sheriff,sher,73
1035,wall colorer,21,wall colorer,cooper,56
1036,laborer marketman,5,laborer marketman,laborer,100
1037,vegetable dealers,128,vegetable dealers,dealer,52
1038,furnace manuf,137,furnace manuf,manuf,100
1039,soapmaker,0,soapmaker,maker,71
1040,dock carman,36,dock carman,man,43
1041,granite stonecutter,30,granite stonecutter,stonecutter,100
1042,lightermans,77,lightermans,erman,62
1043,dry goods mer,94,dry goods mer,goods,100
1044,seamstress,84,seamstress,ster,43
1045,forwarding,54,forwarding,ing house;ing,42
1046,lawyer r,14,lawyer r,la,40
1047,music and piano forte ware room,146,music and piano forte ware room,music,100
1048,draperand tailor,13,draperand tailor,tailor,100
1049,mathematical inst maker,169,mathematical inst maker,in,16
1050,painters,35,painters,painter,93
1051,sign,187,sign,gun,57
1052,brass turner,119,brass turner,turner,100
1053,brass finisherr,170,brass finisherr,finisher,70
1054,agent union life,22,agent union life,agent,100
1055,superintendant public schools cigar store,62,superintendant public schools cigar store,store,100
1056,paper box maker,147,paper box maker,paper,100
1057,wooden ware c,101,wooden ware c,c,100
1058,miniature painter,35,miniature painter,painter,100
1059,commissioner of deeds,159,commissioner of deeds,commissioner o,92
1060,messenger of residence,160,messenger of residence,messenger;residence;es,93
1061,brass founder,186,brass founder,found,56
1062,gents furnishing store,192,gents furnishing store,furnishing,100
1063,wines,90,wines,importer;r,27
1064,painter and paper hanger,35,painter and paper hanger,painter,100
1065,cap manufacturer,85,cap manufacturer,manufacturer,100
1066,cabinct maker,19,cabinct maker,maker,100
1067,shoemaker blacksmith,15,shoemaker blacksmith,blacksmith,100
1068,engineer and grocery,38,engineer and grocery,engineer,100
1069,cashier,142,cashier,of the,31
1070,professor of chemistry,167,professor of chemistry,r of;professor of,92
1071,hat and cap store,62,hat and cap store,store,100
1072,acccountant,8,acccountant,ccountant,90
1073,complicated doctor r,114,complicated doctor r,er r,40
1074,dressing case maker,174,dressing case maker,case,100
1075,oyster and dining saloon ,109,oyster and dining saloon ,saloon,100
1076,stone carver,69,stone carver,ve;carver,80
1077,hat body maker,19,hat body maker,maker,100
1078,bookbinder r,114,bookbinder r,er r,50
1079,coach builder,12,coach builder,builder,100
1080,stevedore office,53,stevedore office,ste;stevedore,82
1081,berlin worsted store,117,berlin worsted store,store,100
1082,machinist bootmaker,52,machinist bootmaker,machinist,100
1083,boot tree maker,130,boot tree maker,boot,100
1084,morocco manf,112,morocco manf,morocco,100
1085,Irvin  Thomas furrier,6,Irvin  Thomas furrier,ier,26
1086,custom house broker,16,custom house broker,broker,100
1087,bookceper,72,bookceper,book,62
1088,mikman,4,mikman,man,67
1089,silver plater and bell hanger,178,silver plater and bell hanger,silver,100
1090,butter cheese and milk dealcr,43,butter cheese and milk dealcr,chemist,28
1091,crockery merchant,3,crockery merchant,merchant,100
1092,custom h,100,custom h,house,31
1093,ropcmaker,89,ropcmaker,maker,71
1094,whitewasher,60,whitewasher,teacher,67
1095,ship carpenter r,2,ship carpenter r,carpenter,100
1096,manufacturer of soluble chocolate cocoa &c,85,manufacturer of soluble chocolate cocoa &c,manufacturer,100
1097,white lead and oil cloth manfacturer,143,white lead and oil cloth manfacturer,cloth,100
1098,planing mill,133,planing mill,mills;planing mill,100
1099,express,161,express,pres,73
1100,manfr needles,137,manfr needles,manuf,44
1101,brewery,83,brewery,ber;er,46
1102,ink manufacturer,85,ink manufacturer,manufacturer,100
1103,wool dealer,129,wool dealer,dealer,100
1104,storage foot of,41,storage foot of,storage;stor,74
1105,clerk navy yard,194,clerk navy yard,navy yard,100
1106,counsellor and attorney and office,74,counsellor and attorney and office,office,100
1107,perfumery store,117,perfumery store,store,100
1108,morocco factory foot of ,148,morocco factory foot of ,factory,100
1109,laborerer r,114,laborerer r,er r,53
1110,stevedore rill,53,stevedore rill,ste;stevedore,82
1111,batcher,7,batcher,but,40
1112,painter and glazier,35,painter and glazier,painter,100
1113,glassblower,14,glassblower,la,31
1114,feather brush maker,140,feather brush maker,maker,100
1115,seminary,0,seminary,maker,46
1116,inspector of customs,32,inspector of customs,inspector,100
1117,agency,22,agency,agent,73
1118,bootfitter,130,bootfitter,boot,57
1119,shoe dealer c,101,shoe dealer c,c,100
1120,copper platc printer,11,copper platc printer,printer,100
1121,union mutual life ins co,176,union mutual life ins co,ins,100
1122,pork store,121,pork store,store;liquor store,73
1123,gunsmith and tavern ,76,gunsmith and tavern ,tavern,100
1124,cabinet maker r,188,cabinet maker r,cabinet,100
1125,paper agent,22,paper agent,agent,100
1126,manufacturer of,85,manufacturer of,manufacturer,100
1127,gardener r,49,gardener r,gardener,100
1128,gold refiner,49,gold refiner,gardener,60
1129,teacher of languages,60,teacher of languages,teacher,100
1130,boot and shoe stere,130,boot and shoe stere,boot,100
1131,gardener c,49,gardener c,gardener,100
1132,terry master,61,terry master,ferry;master,92
1133,ship fastner,138,ship fastner,ship,100
1134,miller,44,miller,distiller,67
1135,laboier,5,laboier,laborer,86
1136,wine mer,42,wine mer,mer,100
1137,stone cutter laborer,59,stone cutter laborer,cutter,100
1138,coal dealers,155,coal dealers,coal,100
1139,suttler,59,suttler,cutter,77
1140,Kennedy Catherine,67,Kennedy Catherine,attorney,48
1141,segars,90,segars,importer;r,12
1142,cartinan,127,cartinan,captain,67
1143,tailor r,13,tailor r,tailor,100
1144,foreign letter office,74,foreign letter office,office,100
1145,south,143,south,cloth,60
1146,porter morocco dresser,112,porter morocco dresser,morocco,100
1147,teamster navy yard,84,teamster navy yard,ster,36
1148,captain u s,127,captain u s,captain,100
1149,looking glass and picture frame maker ,66,looking glass and picture frame maker ,e maker,83
1150,picture framc and looking glass store,62,picture framc and looking glass store,store,100
1151,laborer hackman,5,laborer hackman,laborer,100
1152,watches &c,101,watches &c,c,100
1153,tobaconist,162,tobaconist,ist,46
1154,thread arid needle store,181,thread arid needle store,store,100
1155,lawyer and police justice,14,lawyer and police justice,la,15
1156,night scavenger,171,night scavenger,night scavenger;old,100
1157,trunk store,117,trunk store,store,100
1158,architects,31,architects,architect,95
1159,block and pump maker ,132,block and pump maker ,pump maker,100
1160,mathematical school,80,mathematical school,school,100
1161,gas dealer,128,gas dealer,dealer,100
1162,grocer and crockery store,20,grocer and crockery store,grocer,100
1163,bank teller,34,bank teller,baker,62
1164,laborer r shoe store,5,laborer r shoe store,laborer,100
1165,slice storc,181,slice storc,store,50
1166,saddle tree maker r,114,saddle tree maker r,er r,40
1167,foreman oil factory,148,foreman oil factory,factory,100
1168,poultry and vegetable dealer,128,poultry and vegetable dealer,dealer,100
1169,ship carver,138,ship carver,ship,100
1170,feed dealer,152,feed dealer,dealer,100
1171,nail manufacturer,85,nail manufacturer,manufacturer,100
1172,glass packer,151,glass packer,glass,100
1173,hats,177,hats,a,40
1174,gun maker,187,gun maker,gun,100
1175,cabinet makerand carver,69,cabinet makerand carver,ve;carver,80
1176,boatbuilder,12,boatbuilder,builder,78
1177,street inspector,32,street inspector,inspector,100
1178,land agent,22,land agent,agent,100
1179,clerk music teacher,60,clerk music teacher,teacher,100
1180,white house tavern,76,white house tavern,tavern,100
1181,daguereotypist,39,daguereotypist,daguerr;daguer,50
1182,ship master grocer,138,ship master grocer,ship,100
1183,jappanner,164,jappanner,japan,71
1184,coal and wood dealer,155,coal and wood dealer,coal,100
1185,hairdresser,104,hairdresser,leecher;leech;hairdresser;and leech;er;i,100
1186,hat finisher,170,hat finisher,finisher,100
1187,auctioneer and general agency office ,108,auctioneer and general agency office ,auctioneer,100
1188,pie baker,34,pie baker,baker,100
1189,inspector of pot and ,32,inspector of pot and ,inspector,100
1190,brush finisher,170,brush finisher,finisher,100
1191,brick yard foot of ,103,brick yard foot of ,foot of,100
1192,sempstress,161,sempstress,pres,57
1193,dealer in watches and musical instruments,128,dealer in watches and musical instruments,dealer,100
1194,clothes dealer,128,clothes dealer,dealer,100
1195,second hand clothing,143,second hand clothing,cloth,40
1196,agents,22,agents,agent,91
1197,dry goods merchant,3,dry goods merchant,merchant,100
1198,commission merchant c,3,commission merchant c,merchant,100
1199,grocer carpenter,20,grocer carpenter,grocer,100
1200,soda manufacturer,85,soda manufacturer,manufacturer,100
1201,paper box manufacturer,147,paper box manufacturer,paper,100
1202,tin and coppersmith,78,tin and coppersmith,coppersmith,100
1203,liquor store carpenter,2,liquor store carpenter,carpenter,100
1204,private watch,93,private watch,watchman,48
1205,watchmaker r,114,watchmaker r,er r,50
1206,oil manufactory,81,oil manufactory,manufactory,100
1207,earpenter,2,earpenter,carpenter,89
1208,mason dealer in paints drugs,1,mason dealer in paints drugs,mason,100
1209,city gauger,98,city gauger,ger,43
1210,lieutenant us,96,lieutenant us,lieut,56
1211,brittania ware manufactory,81,brittania ware manufactory,manufactory,100
1212,crimp,36,crimp,man,25
1213,pork dealers,129,pork dealers,dealer,67
1214,steamboat agent,22,steamboat agent,agent,100
1215,STAR office,74,STAR office,office,100
1216,shade painter,35,shade painter,painter,100
1217,gold and silver refiner,115,gold and silver refiner,silver,100
1218,mutual benefit life insurance,185,mutual benefit life insurance,insurance,100
1219,oysterman,77,oysterman,erman,71
1220,livery stables carriage mart &c,101,livery stables carriage mart &c,c,100
1221,nailmaker,173,nailmaker,maker,71
1222,oil cloth printer,11,oil cloth printer,printer,100
1223,w atchmaker,93,w atchmaker,watchman,63
1224,prof of dancing,163,prof of dancing,prof of;dancing;r,100
1225,shipping office c,74,shipping office c,office,100
1226,gardener musician r,49,gardener musician r,gardener,100
1227,shoe store and undertaker,18,shoe store and undertaker,store,100
1228,bookbinder coppersmith,78,bookbinder coppersmith,coppersmith,100
1229,laborer shoemaker,0,laborer shoemaker,maker,45
1230,pot maker,19,pot maker,maker,100
1231,japanner,164,japanner,japan,77
1232,Malady James laborer,5,Malady James laborer,laborer,100
1233,customhouse,100,customhouse,house,62
1234,cloth merchant,3,cloth merchant,merchant,100
1235,straw hat merchant,3,straw hat merchant,merchant,100
1236,glass blower r,114,glass blower r,er r,44
1237,crockery and glass store,62,crockery and glass store,store,100
1238,rectifier,189,rectifier,confection,42
1239,wine merchant,3,wine merchant,merchant,100
1240,corn dealer,129,corn dealer,dealer,100
1241,grocery and liquor store,121,grocery and liquor store,store;liquor store,100
1242,secretary,153,secretary,cour,31
1243,marine artist,26,marine artist,ist,38
1244,w'idow,149,w'idow,ow;ware;w,53
1245,dressmaker and milliner,144,dressmaker and milliner,maker,36
1246,lieutenant of revenue,96,lieutenant of revenue,lieut,38
1247,carpenter lied,2,carpenter lied,carpenter,100
1248,marble worker,154,marble worker,marble,100
1249,miner,175,miner,milliner,77
1250,saloon and ten pin alley ,109,saloon and ten pin alley ,saloon,100
1251,safe agent,22,safe agent,agent,100
1252,paper hanging store,147,paper hanging store,paper,100
1253,masons,1,masons,mason,91
1254,shipping agent,22,shipping agent,agent,100
1255,mat maker,19,mat maker,maker,100
1256,old,171,old,night scavenger;old,100
1257,sarsaparilla dealer,128,sarsaparilla dealer,dealer,100
1258,umbrella frame maker,66,umbrella frame maker,e maker,83
1259,coffee,165,coffee,coffee,100
1260,builder ,12,builder ,builder,100
1261,hose maker,0,hose maker,maker,100
1262,copper plate printer,11,copper plate printer,printer,100
1263,clock case maker,174,clock case maker,case,100
1264,spice dealer,152,spice dealer,dealer,100
1265,boarding,54,boarding,ing house;ing,47
1266,oil lamp and camphene store,117,oil lamp and camphene store,store,100
1267,straw goods and millinary,94,straw goods and millinary,goods,100
1268,grocery store,116,grocery store,grocery,100
1269,iurniture store,58,iurniture store,furniture,67
1270,undertaker and sexton,75,undertaker and sexton,sexton,100
1271,marketrnan,29,marketrnan,market,75
1272,fancy hardware,97,fancy hardware,hardware,100
1273,cotton broker,16,cotton broker,broker,100
1274,prof of,163,prof of,prof of;dancing;r,100
1275,finisher of railings,170,finisher of railings,finisher,100
1276,camphene dealer,152,camphene dealer,dealer,100
1277,leather,166,leather,leather,100
1278,medicine agency,190,medicine agency,medicine,100
1279,bell hanger,105,bell hanger,it;locksmith;l;gas fitter;er;bell hanger,100
1280,physician c,101,physician c,c,100
1281,straw hat cleaner,157,straw hat cleaner,at presser;hat presser,45
1282,lamp manufacturer,85,lamp manufacturer,manufacturer,100
1283,imp,138,imp,ship,57
1284,professor of drawing,167,professor of drawing,r of;professor of,92
1285,tcacher,60,tcacher,teacher,86
1286,ioborer r,114,ioborer r,er r,62
1287,branch tavern,76,branch tavern,tavern,100
1288,sadler and harness maker,106,sadler and harness maker,harness maker,100
1289,stone breaker,34,stone breaker,baker,56
1290,bootman,130,bootman,boot,73
1291,mail carrier,68,mail carrier,carriage,60
1292,lumber dealer,168,lumber dealer,lumber,100
1293,horse dealer,128,horse dealer,dealer,100
1294,drygoods store,94,drygoods store,goods,53
1295,shipbuilders,12,shipbuilders,builder,74
1296,furniture dealer,128,furniture dealer,dealer,100
1297,fruit and vegetables,139,fruit and vegetables,fruit,100
1298,pilot south ferry,50,pilot south ferry,pilot,100
1299,justice supreme court,153,justice supreme court,cour,32
1300,attornies and counsellors,191,attornies and counsellors,counsellor,57
1301,window shade maker,55,window shade maker,maker,100
1302,china and glass store,62,china and glass store,store,100
1303,tract agent,22,tract agent,agent,100
1304,cartman r,114,cartman r,er r,46
1305,welldigger,70,welldigger,weigher,71
1306,baker and confectioner,34,baker and confectioner,baker,100
1307,paint and oil store,126,paint and oil store,paint,100
1308,agt,22,agt,agent,75
1309,block cutter,59,block cutter,cutter,100
1310,cferk,25,cferk,clerk,80
1311,telegraphic reporter,23,telegraphic reporter,porter,46
1312,Thomas wheelwright,91,Thomas wheelwright,wheelwright,100
1313,ettgineer,38,ettgineer,engineer,82
1314,clerk post office,74,clerk post office,office,100
1315,laborer tailor,5,laborer tailor,laborer,100
1316,second ward house,54,second ward house,ing house;ing,71
1317,laborer painter,5,laborer painter,laborer,100
1318,nailer,13,nailer,tailor,67
1319,morocco dyer,112,morocco dyer,morocco,100
1320,mathematical instrument maker ship joiner,169,mathematical instrument maker ship joiner,in,9
1321,tallow chandler,92,tallow chandler,dler,42
1322,dyer and scourer,153,dyer and scourer,cour,40
1323,boot and shoemaker boot and shoemaker,0,boot and shoemaker boot and shoemaker,maker,43
1324,plasterer and painter,35,plasterer and painter,painter,100
1325,hair dressing saloon,109,hair dressing saloon,saloon,100
1326,steamboat hotel,182,steamboat hotel,hotel,100
1327,cord and tassel maker,110,cord and tassel maker,ker,25
1328,milkman r,4,milkman r,man,50
1329,schoolmaster,80,schoolmaster,school,67
1330,laborer contractor,5,laborer contractor,laborer,100
1331,blacksmith laborer,5,blacksmith laborer,laborer,100
1332,charcoal dealer r,114,charcoal dealer r,er r,40
1333,laberer r,114,laberer r,er r,62
1334,stoue mason,1,stoue mason,mason,100
1335,merchant contractor,3,merchant contractor,merchant,100
1336,tin and copper smith,78,tin and copper smith,coppersmith,71
1337,chief engineer,38,chief engineer,engineer,100
1338,clerk c,101,clerk c,c,100
1339,republic hotel,182,republic hotel,hotel,100
1340,janitor,13,janitor,tailor,46
1341,ornamental painter,35,ornamental painter,painter,100
1342,machinist r,52,machinist r,machinist,100
1343,fancy printer,11,fancy printer,printer,100
1344,nailor r,114,nailor r,er r,50
1345,carpet and oil cloths,27,carpet and oil cloths,pe;carpet,80
1346,druggist and chemist,37,druggist and chemist,druggist,100
1347,glass maker,151,glass maker,glass,100
1348,farrier,6,farrier,ier,60
1349,grocer laborer,5,grocer laborer,laborer,100
1350,grocer and,20,grocer and,grocer,100
1351,turpentine distiller,44,turpentine distiller,distiller,100
1352,ribbon and fancy store,88,ribbon and fancy store,and fancy store,100
1353,cleik,25,cleik,clerk,80
1354,carpenter contractor,48,carpenter contractor,contractor;ctor,80
1355,laborer cooper,5,laborer cooper,laborer,100
1356,junkman grocer,20,junkman grocer,grocer,100
1357,blacksm,15,blacksm,blacksmith,82
1358,junkstore,41,junkstore,storage;stor,48
1359,laborer r junk store,114,laborer r junk store,er r,40
1360,caruenter,2,caruenter,carpenter,89
1361,shoemaker tailor,13,shoemaker tailor,tailor,100
1362,finisher,170,finisher,finisher,100
1363,pencil case manufr,174,pencil case manufr,case,100
1364,shoe maker,140,shoe maker,maker,100
1365,tool maker,19,tool maker,maker,100
1366,messenger,160,messenger,messenger;residence;es,100
1367,carpenterr,2,carpenterr,carpenter,95
1368,artist tailor,26,artist tailor,ist,38
1369,tin and metal roofer,180,tin and metal roofer,roofer,100
1370,land broker,16,land broker,broker,100
1371,upholster,64,upholster,ho,36
1372,att’y & coun,135,att’y & coun,att;att'y;y & co,89
1373,cap cutter,59,cap cutter,cutter,100
1374,apothecary,43,apothecary,chemist,24
1375,corn mer,42,corn mer,mer,100
1376,camphene dealcr,2,camphene dealcr,carpenter,58
1377,counscllor at law,191,counscllor at law,counsellor,67
1378,fresco painter,35,fresco painter,painter,100
1379,shirt depot,23,shirt depot,porter,47
1380,night scavenger old,171,night scavenger old,night scavenger;old,100
1381,paper maker,147,paper maker,paper,100
1382,deputy sheriff,158,deputy sheriff,sher,44
1383,us store keeper,123,us store keeper,keeper,100
1384,laborer mason,1,laborer mason,mason,100
1385,currier r,114,currier r,er r,62
1386,nailor,13,nailor,tailor,83
1387,machinist and engineer,52,machinist and engineer,machinist,100
1388,grainer and artistical painter,35,grainer and artistical painter,painter,100
1389,youths clothing,143,youths clothing,cloth,50
1390,grocery and liquors,116,grocery and liquors,grocery,100
1391,saddle harness and trunk maker,120,saddle harness and trunk maker,maker,100
1392,rectifying distiller,44,rectifying distiller,distiller,100
1393,sen,10,sen,man,33
1394,lawyer office,74,lawyer office,office,100
1395,physician junc,40,physician junc,physician,100
1396,guilder,12,guilder,builder,86
1397,blacksmith and collector,15,blacksmith and collector,blacksmith,100
1398,china glass,151,china glass,glass,100
1399,glass founder,186,glass founder,found,56
1400,att'y & conn,135,att'y & conn,att;att'y;y & co,89
1401,chemical oil,172,chemical oil,chemical,100
1402,paper warehouse,147,paper warehouse,paper,100
1403,merchant tailors,3,merchant tailors,merchant,100
1404,tavernkeeper,76,tavernkeeper,tavern,67
1405,accountant and commissioner of deeds,159,accountant and commissioner of deeds,commissioner o,92
1406,glass finisher,170,glass finisher,finisher,100
1407,planemaker,106,planemaker,harness maker,70
1408,undertaker and cabinet maker,188,undertaker and cabinet maker,cabinet,100
1409,paints and oils,126,paints and oils,paint,50
1410,ehair maker,173,ehair maker,maker,100
1411,author,46,author,tor;or,33
1412,pattern maker blacksmith,15,pattern maker blacksmith,blacksmith,100
1413,cork cutter,59,cork cutter,cutter,100
1414,poulterer,64,poulterer,ho,18
1415,hat cap and trunk store,62,hat cap and trunk store,store,100
1416,mcr,195,mcr,com;c,25
1417,insurance agent and bookeeper,185,insurance agent and bookeeper,insurance,100
1418,city weigher office,74,city weigher office,office,100
1419,wheelwright and horse shoer,91,wheelwright and horse shoer,wheelwright,100
1420,case,174,case,case,100
1421,Clark’s buildings,12,Clark’s buildings,builder,50
1422,india rubber,83,india rubber,ber;er,33
1423,carriage maker,68,carriage maker,carriage,100
1424,agent mason,1,agent mason,mason,100
1425,japanner of patont leather,166,japanner of patont leather,leather,100
1426,nail manuf,137,nail manuf,manuf,100
1427,confectioners,189,confectioners,confection,87
1428,millinery,175,millinery,milliner,94
1429,clock and frame manufacturer,85,clock and frame manufacturer,manufacturer,100
1430,victualler,44,victualler,distiller,63
1431,ins,176,ins,ins,100
1432,nurseryman,24,nurseryman,urs,46
1433,also,1,also,mason,67
1434,ship smith,138,ship smith,ship,100
1435,elerk,25,elerk,clerk,80
1436,Phcenix glass works,154,Phcenix glass works,marble,16
1437,practical upholsterer,64,practical upholsterer,ho,17
1438,veterinary surgeon r,114,veterinary surgeon r,er r,40
1439,stocking manufacturer,85,stocking manufacturer,manufacturer,100
1440,cloths,143,cloths,cloth,91
1441,marble yard,154,marble yard,marble,100
1442,harp maker,173,harp maker,maker,100
1443,goldbeater,166,goldbeater,leather,71
1444,groom,20,groom,grocer,55
1445,syringe manuf,137,syringe manuf,manuf,100
1446,notary public,51,notary public,publisher,45
1447,coachsmith,71,coachsmith,coach,67
1448,wine and liquor store,121,wine and liquor store,store;liquor store,100
1449,keeper city arrnery,123,keeper city arrnery,keeper,100
1450,inspector of lumber,32,inspector of lumber,inspector,100
1451,teed store,124,teed store,flour,27
1452,paints,126,paints,paint,91
1453,upholsterers and paper hangers,147,upholsterers and paper hangers,paper,100
1454,dry good merchant ,3,dry good merchant ,merchant,100
1455,clerk u s,25,clerk u s,clerk,100
1456,boot maker c,130,boot maker c,boot,100
1457,grate dealer,128,grate dealer,dealer,100
1458,grate fender,128,grate fender,dealer,44
1459,straw dealer,128,straw dealer,dealer,100
1460,BROTHERS chemists and pharmaceutists,43,BROTHERS chemists and pharmaceutists,chemist,33
1461,cabinet warehouse,188,cabinet warehouse,cabinet,100
1462,gcrdener,49,gcrdener,gardener,88
1463,hats and caps,177,hats and caps,a,14
1464,last maker barber,83,last maker barber,ber;er,52
1465,wheelwright liberty c,101,wheelwright liberty c,c,100
1466,starch manufacturer,85,starch manufacturer,manufacturer,100
1467,tailor foot of,103,tailor foot of,foot of,100
1468,star house,100,star house,house,100
1469,auction store,117,auction store,store,100
1470,iron shutter maker,19,iron shutter maker,maker,100
1471,root beer maker,173,root beer maker,maker,100
1472,gardencr,49,gardencr,gardener,88
1473,gas and lamps,177,gas and lamps,a,14
1474,looking glasssilverer,178,looking glasssilverer,silver,44
1475,cabinet ware room,188,cabinet ware room,cabinet,100
1476,inspector of cement,32,inspector of cement,inspector,100
1477,cabinet wurehouse,188,cabinet wurehouse,cabinet,100
1478,superintendent of poor,56,superintendent of poor,superint,53
1479,constabla,33,constabla,co,36
1480,city saloon,109,city saloon,saloon,100
1481,stonecutter f,30,stonecutter f,stonecutter,100
1482,brassfoundersand finishers,170,brassfoundersand finishers,finisher,47
1483,boarding house grocer,20,boarding house grocer,grocer,100
1484,pilot merchant,3,pilot merchant,merchant,100
1485,forwarding agent,22,forwarding agent,agent,100
1486,agent and accountant ,22,agent and accountant ,agent,100
1487,embroidery and lace store,181,embroidery and lace store,store,100
1488,soap chandler,92,soap chandler,dler,47
1489,upholstery and furniture wareroom,58,upholstery and furniture wareroom,furniture,100
1490,saw maker,55,saw maker,maker,100
1491,fancy case maker,174,fancy case maker,case,100
1492,carpeuter,2,carpeuter,carpenter,89
1493,ship broker,16,ship broker,broker,100
1494,pearlash,78,pearlash,coppersmith,53
1495,seaman old,10,seaman old,man,46
1496,carpenter c,2,carpenter c,carpenter,100
1497,naval store yard,62,naval store yard,store,100
1498,stevedore r,114,stevedore r,er r,53
1499,ferry,61,ferry,ferry;master,100
1500,organist church of the ,142,organist church of the ,of the,100
1501,attorney at law,67,attorney at law,attorney,100
1502,attorneys at law,67,attorneys at law,attorney,67
1503,mason baker,1,mason baker,mason,100
1504,solar lamp maker,55,solar lamp maker,maker,100
1505,funier,6,funier,ier,67
1506,biass founder r,114,biass founder r,er r,42
1507,brass founder r,114,brass founder r,er r,42
1508,professor of languages,167,professor of languages,r of;professor of,92
1509,overseer of the poor,184,overseer of the poor,over;see,50
1510,music teacher,146,music teacher,music,100
1511,cracker baker r,34,cracker baker r,baker,100
1512,iron mer,42,iron mer,mer,100
1513,leather findings,166,leather findings,leather,100
1514,biscuit baker,34,biscuit baker,baker,100
1515,saw filer hosicr,134,saw filer hosicr,ler,32
1516,satchels,60,satchels,teacher,53
1517,collector of wharfage,136,collector of wharfage,collector,100
1518,masters mate u s,122,masters mate u s,mate;ate,67
1519,silver plater,178,silver plater,silver,100
1520,stove deaver,45,stove deaver,stove,100
1521,dancing master,163,dancing master,prof of;dancing;r,67
1522,boot and shoe maker,130,boot and shoe maker,boot,100
1523,see,184,see,over;see,100
1524,grocersand liquor dealers,129,grocersand liquor dealers,dealer,39
1525,cabinet makers and upholsterers,188,cabinet makers and upholsterers,cabinet,100
1526,intelligence office,74,intelligence office,office,100
1527,smoke house,100,smoke house,house,100
1528,shoedealer,0,shoedealer,maker,40
1529,boots,130,boots,boot,89
1530,proprietor of the original,28,proprietor of the original,proprietor,100
1531,pipemaker,55,pipemaker,maker,71
1532,night scavenger c,101,night scavenger c,c,100
1533,grocers grocer,20,grocers grocer,grocer,100
1534,servant,3,servant,merchant,67
1535,manufacturer of furnaces,85,manufacturer of furnaces,manufacturer,100
1536,prepared chalk manufacturers,85,prepared chalk manufacturers,manufacturer,60
1537,tinman r,114,tinman r,er r,40
1538,artificer and designer in marble,154,artificer and designer in marble,marble,100
1539,clocks,143,clocks,cloth,55
1540,com mer iam P,42,com mer iam P,mer,100
1541,brushes,140,brushes,maker,17
1542,sawmaker,55,sawmaker,maker,77
1543,stone cutler,59,stone cutler,cutter,56
1544,dry goods c,101,dry goods c,c,100
1545,lumber dealers,168,lumber dealers,lumber,100
1546,shipchandler,92,shipchandler,dler,50
1547,wholesale liquor store,121,wholesale liquor store,store;liquor store,100
1548,block and pump maker foot of ,103,block and pump maker foot of ,foot of,100
1549,polisher,179,polisher,polisher,100
1550,steward r,87,steward r,ard;steward;ste,88
1551,inventor of machines,52,inventor of machines,machinist,48
1552,collector of,136,collector of,collector,100
1553,consul,33,consul,co,50
1554,gentlemen’s,63,gentlemen’s,gentlemen,100
1555,counsellor at law office,74,counsellor at law office,office,100
1556,postmaster,84,postmaster,ster,57
1557,inspector of timber,32,inspector of timber,inspector,100
1558,findings,170,findings,finisher,62
1559,chemical works,172,chemical works,chemical,100
1560,firework manfacturer,85,firework manfacturer,manufacturer,69
1561,saddle tree maker,144,saddle tree maker,maker,100
1562,druggists,37,druggists,druggist,94
1563,iron railing manufacturer,85,iron railing manufacturer,manufacturer,100
1564,moulding,17,moulding,er;mould,62
1565,chemist and druggist,37,chemist and druggist,druggist,100
1566,botanic physician,40,botanic physician,physician,100
1567,gold pen manufacturer,85,gold pen manufacturer,manufacturer,100
1568,wheelwright r,91,wheelwright r,wheelwright,100
1569,jewellery,79,jewellery,jeweller,94
1570,clock manufacturer,85,clock manufacturer,manufacturer,100
1571,physicran,40,physicran,physician,89
1572,wood inspector,32,wood inspector,inspector,100
1573,revenue officer,74,revenue officer,office,57
1574,chaser,174,chaser,case,80
1575,roofer,180,roofer,roofer,100
1576,fringe maker,66,fringe maker,e maker,83
1577,cartinan r,114,cartinan r,er r,43
1578,lace store,181,lace store,store,100
1579,hotel,182,hotel,hotel,100
1580,junkman r,114,junkman r,er r,40
1581,music and book store,146,music and book store,music,100
1582,bookbinder and paper ruler,147,bookbinder and paper ruler,paper,100
1583,police justice,146,police justice,music,42
1584,house agent,22,house agent,agent,100
1585,shoe manufacturer,85,shoe manufacturer,manufacturer,100
1586,metal roofers,180,metal roofers,roofer,63
1587,turners and stair builders,196,turners and stair builders,er;ner;tanner;ur;currier;and,33
1588,attorneys and counsellors,191,attorneys and counsellors,counsellor,57
1589,fish market,29,fish market,market,100
1590,distillery,44,distillery,distiller,95
1591,oil and candle manufacturers,85,oil and candle manufacturers,manufacturer,60
1592,straw hat presser,157,straw hat presser,at presser;hat presser,88
1593,wooden ware,149,wooden ware,ow;ware;w,62
1594,auctioneer and real estate broker,108,auctioneer and real estate broker,auctioneer,100
1595,produce mer,42,produce mer,mer,100
1596,strawgoods mer,42,strawgoods mer,mer,100
1597,carpentcr,2,carpentcr,carpenter,89
1598,clock dealer,152,clock dealer,dealer,100
1599,sec,101,sec,c,50
1600,editor and proprietor of the office,65,editor and proprietor of the office,editor,100
1601,residence,160,residence,messenger;residence;es,100
1602,watch makers,151,watch makers,glass,24
1603,physiciau and druggist,37,physiciau and druggist,druggist,100
1604,marshall,183,marshall,ma,40
1605,rnuffni maker,120,rnuffni maker,maker,100
1606,patter maker,173,patter maker,maker,100
1607,tea,128,tea,dealer,44
1608,principal public school,102,principal public school,principal,100
1609,carpet manufacturer,85,carpet manufacturer,manufacturer,100
1610,fancy brush maker,140,fancy brush maker,maker,100
1611,milkman junc,4,milkman junc,man,40
1612,feather brushmaker,140,feather brushmaker,maker,43
1613,feather brush factory store,148,feather brush factory store,factory,100
1614,dairyman,36,dairyman,man,55
1615,carpet store,62,carpet store,store,100
1616,umber,168,umber,lumber,91
1617,navy yard watchman,93,navy yard watchman,watchman,100
1618,post office,74,post office,office,100
1619,coxswain,126,coxswain,paint,46
1620,iron railing manufactory,81,iron railing manufactory,manufactory,100
1621,geuts furnishing store,192,geuts furnishing store,furnishing,100
1622,confectionary store,189,confectionary store,confection,69
1623,lime dealer,152,lime dealer,dealer,100
1624,book dealer,129,book dealer,dealer,100
1625,auctioneers,108,auctioneers,auctioneer,95
1626,victualling house,54,victualling house,ing house;ing,71
1627,fatmer,73,fatmer,mer,67
1628,commission mer,42,commission mer,mer,100
1629,banker,34,banker,baker,91
1630,overseer,184,overseer,over;see,88
1631,whitesmith,115,whitesmith,silver,25
1632,v sx,75,v sx,sexton,40
1633,flour mer,42,flour mer,mer,100
1634,county clerk office,25,county clerk office,clerk,100
1635,brassmitn,15,brassmitn,blacksmith,63
1636,porter south ferry ,23,porter south ferry ,porter,100
1637,hat block maker,89,hat block maker,maker,100
1638,lumber yard foot of ,103,lumber yard foot of ,foot of,100
1639,morocco shaver,112,morocco shaver,morocco,100
1640,fruit and cigar store,139,fruit and cigar store,fruit,100
1641,insurance,185,insurance,insurance,100
1642,greenwood chemical works office,74,greenwood chemical works office,office,100
1643,oil soap and candle factory,148,oil soap and candle factory,factory,100
1644,cracker baker,34,cracker baker,baker,100
1645,glass painter,35,glass painter,painter,100
1646,paper stainer,147,paper stainer,paper,100
1647,drug broker,16,drug broker,broker,100
1648,packing box maker,19,packing box maker,maker,100
1649,hair cutting saloon,109,hair cutting saloon,saloon,100
1650,agency office,74,agency office,office,100
1651,hat manufacturer,85,hat manufacturer,manufacturer,100
1652,general insurance agent,22,general insurance agent,agent,100
1653,foundry,186,foundry,found,83
1654,goldsmith r,114,goldsmith r,er r,40
1655,measurer of grain r,114,measurer of grain r,er r,40
1656,tavern keeper,123,tavern keeper,keeper,100
1657,shoemaker and keeper of ,0,shoemaker and keeper of ,maker,36
1658,sarlmaker,173,sarlmaker,maker,71
1659,gun,187,gun,gun,100
1660,segar maker r,114,segar maker r,er r,47
1661,milliner and hat presser ,157,milliner and hat presser ,at presser;hat presser,88
1662,coal yd,155,coal yd,coal,100
1663,house cleaner,82,house cleaner,house,100
1664,clothes scourer,153,clothes scourer,cour,42
1665,commissioner ot deeds for this and the several States ,159,commissioner ot deeds for this and the several States ,commissioner o,92
1666,marine surveyor,95,marine surveyor,surveyor,100
1667,well digger r,114,well digger r,er r,47
1668,police marshall,183,police marshall,ma,24
1669,hay press and storage,41,hay press and storage,storage;stor,74
1670,carman physician,36,carman physician,man,32
1671,coal agent,22,coal agent,agent,100
1672,iron merchant,3,iron merchant,merchant,100
1673,storage and city weigher,70,storage and city weigher,weigher,100
1674,auctioneer and notary public ,108,auctioneer and notary public ,auctioneer,100
1675,pocket book manufacturer,85,pocket book manufacturer,manufacturer,100
1676,stave yard,76,stave yard,tavern,62
1677,grocer .377 Pearl NYh 267 Washington 360 E P ,20,grocer .377 Pearl NYh 267 Washington 360 E P ,grocer,100
1678,paper hangings,147,paper hangings,paper,100
1679,shoe mer,42,shoe mer,mer,100
1680,paper mer,42,paper mer,mer,100
1681,lithographic printer,11,lithographic printer,printer,100
1682,student at law,191,student at law,counsellor,17
1683,attorney at law ,67,attorney at law ,attorney,100
1684,india rubber dealer,152,india rubber dealer,dealer,100
1685,teacher of writing and drawing,60,teacher of writing and drawing,teacher,100
1686,cieik,25,cieik,clerk,60
1687,cabinet,188,cabinet,cabinet,100
1688,pipe factory,148,pipe factory,factory,100
1689,pipe manufacturers,85,pipe manufacturers,manufacturer,80
1690,gun carriage maker,68,gun carriage maker,carriage,100
1691,granite cutter,59,granite cutter,cutter,100
1692,stair builder r,12,stair builder r,builder,100
1693,principal of grammar school,80,principal of grammar school,school,100
1694,grammar school,80,grammar school,school,100
1695,boot and shoemaker ,0,boot and shoemaker ,maker,43
1696,milk office,74,milk office,office,100
1697,ferry man,61,ferry man,ferry;master,76
1698,engraver c,47,engraver c,engraver,100
1699,blacksmith turner,15,blacksmith turner,blacksmith,100
1700,attorney and counsellors ship carpenter,2,attorney and counsellors ship carpenter,carpenter,100
1701,wheelwright boardinghouse,91,wheelwright boardinghouse,wheelwright,100
1702,scrivener,69,scrivener,ve;carver,56
1703,straw bonnet manufactory,81,straw bonnet manufactory,manufactory,100
1704,crockery store grocer,20,crockery store grocer,grocer,100
1705,baker baker,34,baker baker,baker,100
1706,builder and real estate agent,22,builder and real estate agent,agent,100
1707,lime dealers foot of,103,lime dealers foot of,foot of,100
1708,sign and ornamental painter,35,sign and ornamental painter,painter,100
1709,carpenter carpenter,2,carpenter carpenter,carpenter,100
1710,hotel and garden,182,hotel and garden,hotel,100
1711,publisher of the,51,publisher of the,publisher,100
1712,painter carpenter,35,painter carpenter,painter,100
1713,staircaser,174,staircaser,case,57
1714,gold pen maker ,55,gold pen maker ,maker,100
1715,undertakerand sexton,75,undertakerand sexton,sexton,100
1716,fancy dry goods,94,fancy dry goods,goods,100
1717,coffee and spice mills,165,coffee and spice mills,coffee,100
1718,billiard saloon,109,billiard saloon,saloon,100
1719,mustard,131,mustard,man;mustard;ar,100
1720,pay master,61,pay master,ferry;master,75
1721,oyster saloon c,109,oyster saloon c,saloon,100
1722,butchcr,7,butchcr,but,60
1723,mason mason,1,mason mason,mason,100
1724,lime merchant,3,lime merchant,merchant,100
1725,assessor,174,assessor,case,50
1726,bookbinder physician,40,bookbinder physician,physician,100
1727,chocolate,80,chocolate,school,67
1728,gas filter,134,gas filter,ler,46
1729,confectionery,189,confectionery,confection,87
1730,tea store ship chandler,138,tea store ship chandler,ship,100
1731,inspector of customs and collector,32,inspector of customs and collector,inspector,100
1732,general engraver,47,general engraver,engraver,100
1733,WalkerJarres laborer,5,WalkerJarres laborer,laborer,100
1734,slice store,181,slice store,store,100
1735,grocer seaman,10,grocer seaman,man,38
1736,bookecper,72,bookecper,book,62
1737,express agent,22,express agent,agent,100
1738,medicine,190,medicine,medicine,100
1739,medicine manufacturers hair dresser,190,medicine manufacturers hair dresser,medicine,100
1740,Brant’s medicine manf,190,Brant’s medicine manf,medicine,100
1741,sexton of,75,sexton of,sexton,100
1742,laborer bootmaker,5,laborer bootmaker,laborer,100
1743,conductor,48,conductor,contractor;ctor,58
1744,lnarlcetman,36,lnarlcetman,man,43
1745,coachmakers,71,coachmakers,coach,62
1746,varnisher r,114,varnisher r,er r,53
1747,laborers,5,laborers,laborer,93
1748,white washer,158,white washer,sher,50
1749,blockpump maker,132,blockpump maker,pump maker,80
1750,attorney and counsellor at law,191,attorney and counsellor at law,counsellor,100
1751,storage and lighterage,41,storage and lighterage,storage;stor,74
1752,clothes,143,clothes,cloth,83
1753,coffee stand,165,coffee stand,coffee,100
1754,clerk stereotyper,25,clerk stereotyper,clerk,100
1755,tobacco factory,148,tobacco factory,factory,100
1756,confectioner r,114,confectioner r,er r,44
1757,secty,32,secty,inspector,57
1758,  furnishing,192,  furnishing,furnishing,100
1759,pipe maker rail rd,55,pipe maker rail rd,maker,100
1760,stove manufactory,45,stove manufactory,stove,100
1761,corset store,117,corset store,store,100
1762,ship caipenter,138,ship caipenter,ship,100
1763,inspector of timber and lumber c ,101,inspector of timber and lumber c ,c,100
1764,travelling merchant,3,travelling merchant,merchant,100
1765,furniture and upholstery ware room,58,furniture and upholstery ware room,furniture,100
1766,foreign music store,146,foreign music store,music,100
1767,junk shop junk dealer,193,junk shop junk dealer,shop,100
1768,laborer engraver,47,laborer engraver,engraver,100
1769,dockbuilder,12,dockbuilder,builder,78
1770,house carpenter,2,house carpenter,carpenter,100
1771,architect mansion house,31,architect mansion house,architect,100
1772,wood type,125,wood type,wood,100
1773,soap and candle factory,148,soap and candle factory,factory,100
1774,varnisher,170,varnisher,finisher,71
1775,clerk and collector,136,clerk and collector,collector,100
1776,liquor merchant,3,liquor merchant,merchant,100
1777,groccr carpenter,2,groccr carpenter,carpenter,100
1778,bookccper,72,bookccper,book,62
1779,comb and fancy store,88,comb and fancy store,and fancy store,100
1780,furs,24,furs,urs,86
1781,dealer in watches,152,dealer in watches,dealer,100
1782,carpenter private watchman,93,carpenter private watchman,watchman,100
1783,builder grocer,12,builder grocer,builder,100
1784,ice dealar,152,ice dealar,dealer,62
1785,principal school,80,principal school,school,100
1786,painter stair caser,35,painter stair caser,painter,100
1787,watch jeweller,79,watch jeweller,jeweller,100
1788,measurer of grain office,74,measurer of grain office,office,100
1789,oil and gass dealer,128,oil and gass dealer,dealer,100
1790,paper stainer and grainer ,147,paper stainer and grainer ,paper,100
1791,merchant dry goods,3,merchant dry goods,merchant,100
1792,builders bookeeper,72,builders bookeeper,book,36
1793,dry good merchant,3,dry good merchant,merchant,100
1794,clerk navy yard h ,194,clerk navy yard h ,navy yard,100
1795,grocer c confectioner,20,grocer c confectioner,grocer,100
1796,seaman grocer,20,seaman grocer,grocer,100
1797,com mcr,195,com mcr,com;c,83
1798,segarmaker,173,segarmaker,maker,67
1799,pound master,120,pound master,maker,47
1800,farmer old,73,farmer old,mer,46
1801,parisian shoe store,18,parisian shoe store,store,100
1802,tinroofer,180,tinroofer,roofer,80
1803,tin copper,118,tin copper,copper;er;worker,75
1804,custom clerk,25,custom clerk,clerk,100
1805,ropemaker grocer,20,ropemaker grocer,grocer,100
1806,oil cloth manufactory,143,oil cloth manufactory,cloth,100
1807,botanic store,88,botanic store,and fancy store,64
1808,woodenware manufacturer,85,woodenware manufacturer,manufacturer,100
1809,Justice of the peace,142,Justice of the peace,of the,100
1810,professor of music agent,146,professor of music agent,music,100
1811,silver thimble maker,115,silver thimble maker,silver,100
1812,dental surgeon,99,dental surgeon,surgeon,100
1813,printer fi,11,printer fi,printer,100
1814,distillers,44,distillers,distiller,95
1815,wadding factory,148,wadding factory,factory,100
1816,currier and tanner,196,currier and tanner,er;ner;tanner;ur;currier;and,100
1817,farmers’ retreat junc of,73,farmers’ retreat junc of,mer,23
1818,shoemaker grocer,20,shoemaker grocer,grocer,100
1819,pencil pen manufacturers,85,pencil pen manufacturers,manufacturer,67
1820,shipwrights,138,shipwrights,ship,53
1821,piate printer,11,piate printer,printer,100
1822,plate &,122,plate &,mate;ate,46
1823,house agent and collector,22,house agent and collector,agent,100
1824,milliners,175,milliners,milliner,94
1825,silver chaser,178,silver chaser,silver,100
1826,guager,98,guager,ger,67
1827,wheelwright and blacksmith ,15,wheelwright and blacksmith ,blacksmith,100
1828,ship ear,138,ship ear,ship,100
1829,shipping mer,42,shipping mer,mer,100
1830,cordial distiller,44,cordial distiller,distiller,100
